CREATE DATABASE  IF NOT EXISTS `vk` /*!40100 DEFAULT CHARACTER SET utf8 */;
USE `vk`;
-- MySQL dump 10.13  Distrib 8.0.24, for Win64 (x86_64)
--
-- Host: 10.10.5.182    Database: vk
-- ------------------------------------------------------
-- Server version	5.7.19-log

/*!40101 SET @OLD_CHARACTER_SET_CLIENT=@@CHARACTER_SET_CLIENT */;
/*!40101 SET @OLD_CHARACTER_SET_RESULTS=@@CHARACTER_SET_RESULTS */;
/*!40101 SET @OLD_COLLATION_CONNECTION=@@COLLATION_CONNECTION */;
/*!50503 SET NAMES utf8 */;
/*!40103 SET @OLD_TIME_ZONE=@@TIME_ZONE */;
/*!40103 SET TIME_ZONE='+00:00' */;
/*!40014 SET @OLD_UNIQUE_CHECKS=@@UNIQUE_CHECKS, UNIQUE_CHECKS=0 */;
/*!40014 SET @OLD_FOREIGN_KEY_CHECKS=@@FOREIGN_KEY_CHECKS, FOREIGN_KEY_CHECKS=0 */;
/*!40101 SET @OLD_SQL_MODE=@@SQL_MODE, SQL_MODE='NO_AUTO_VALUE_ON_ZERO' */;
/*!40111 SET @OLD_SQL_NOTES=@@SQL_NOTES, SQL_NOTES=0 */;

--
-- Table structure for table `likes`
--

DROP TABLE IF EXISTS `likes`;
/*!40101 SET @saved_cs_client     = @@character_set_client */;
/*!50503 SET character_set_client = utf8mb4 */;
CREATE TABLE `likes` (
  `id` bigint(20) unsigned NOT NULL AUTO_INCREMENT COMMENT 'Идентификатор записи',
  `user_id` bigint(20) unsigned NOT NULL COMMENT 'id пользователя',
  `resource_id` bigint(20) unsigned NOT NULL COMMENT 'id записи ресурса',
  `resource_type_id` int(8) unsigned NOT NULL COMMENT 'id ресурса',
  `created_at` datetime DEFAULT CURRENT_TIMESTAMP,
  UNIQUE KEY `id` (`id`),
  KEY `likes_fk_1` (`user_id`),
  KEY `resource_type_id` (`resource_type_id`),
  CONSTRAINT `likes_fk_1` FOREIGN KEY (`user_id`) REFERENCES `users` (`id`),
  CONSTRAINT `likes_ibfk_1` FOREIGN KEY (`resource_type_id`) REFERENCES `resource_types` (`id`) ON UPDATE CASCADE
) ENGINE=InnoDB AUTO_INCREMENT=104 DEFAULT CHARSET=utf8 COMMENT='лайки пользователей';
/*!40101 SET character_set_client = @saved_cs_client */;

--
-- Dumping data for table `likes`
--

LOCK TABLES `likes` WRITE;
/*!40000 ALTER TABLE `likes` DISABLE KEYS */;
INSERT INTO `likes` VALUES (4,299,101,101,'1995-02-08 02:11:22'),(5,300,102,102,'1994-11-28 14:18:50'),(6,301,103,103,'1983-05-05 18:20:58'),(7,302,104,104,'1997-07-22 12:54:12'),(8,303,105,105,'2020-06-11 03:36:35'),(9,304,106,106,'2007-11-13 23:50:23'),(10,305,107,107,'1976-11-05 17:24:39'),(11,306,108,108,'2017-06-03 21:04:45'),(12,307,109,109,'1990-12-16 15:32:16'),(13,309,110,110,'1992-06-23 16:33:12'),(14,310,101,101,'2000-08-06 12:03:21'),(15,312,102,102,'1975-04-09 03:46:12'),(16,316,103,103,'1971-10-31 18:58:58'),(17,321,104,104,'2015-04-25 20:29:14'),(18,322,105,105,'2010-04-20 12:50:40'),(19,326,106,106,'1993-01-22 03:55:36'),(20,328,107,107,'1972-11-16 13:38:22'),(21,332,108,108,'1995-07-09 23:44:19'),(22,333,109,109,'2010-03-22 03:41:10'),(23,334,110,110,'1997-09-15 20:50:18'),(24,335,101,101,'2013-04-07 15:03:46'),(25,337,102,102,'2018-01-21 17:53:19'),(26,338,103,103,'2004-08-10 03:58:08'),(27,342,104,104,'1970-10-17 08:29:56'),(28,343,105,105,'1970-02-19 10:59:29'),(29,344,106,106,'1983-02-18 00:25:37'),(30,345,107,107,'1995-08-24 21:21:03'),(31,346,108,108,'1981-09-28 13:56:46'),(32,349,109,109,'2009-01-18 11:44:27'),(33,350,110,110,'1979-05-11 21:50:39'),(34,352,101,101,'2008-09-30 14:04:30'),(35,355,102,102,'1981-06-26 09:51:38'),(36,356,103,103,'1977-12-28 14:03:04'),(37,357,104,104,'1992-03-10 22:38:29'),(38,358,105,105,'2019-02-02 20:21:26'),(39,360,106,106,'1999-04-08 03:22:03'),(40,361,107,107,'2003-12-28 11:40:36'),(41,362,108,108,'1994-03-29 14:25:02'),(42,364,109,109,'2001-11-14 17:54:46'),(43,365,110,110,'1985-04-16 16:02:23'),(44,366,101,101,'2006-07-22 01:26:00'),(45,368,102,102,'1971-12-20 13:42:30'),(46,369,103,103,'1991-07-27 04:46:24'),(47,371,104,104,'1978-09-20 10:41:19'),(48,372,105,105,'1978-12-25 08:03:28'),(49,374,106,106,'2004-08-09 21:53:54'),(50,375,107,107,'2002-08-26 04:14:52'),(51,376,108,108,'1975-08-29 06:54:31'),(52,377,109,109,'1979-01-22 22:52:35'),(53,378,110,110,'1979-08-17 01:30:05'),(54,379,101,101,'1986-10-10 17:31:05'),(55,380,102,102,'2009-10-11 08:12:06'),(56,381,103,103,'2018-06-12 16:36:20'),(57,382,104,104,'1975-10-21 17:00:26'),(58,383,105,105,'1992-05-09 06:22:02'),(59,384,106,106,'1989-06-28 23:02:46'),(60,385,107,107,'1993-10-20 11:36:11'),(61,386,108,108,'1981-12-15 01:52:48'),(62,387,109,109,'1978-02-18 05:41:20'),(63,388,110,110,'2010-10-09 14:46:28'),(64,391,101,101,'2002-10-14 09:11:10'),(65,392,102,102,'2019-06-10 20:48:17'),(66,394,103,103,'1982-11-10 13:05:06'),(67,395,104,104,'1979-08-07 07:39:58'),(68,299,105,105,'2008-04-16 19:36:46'),(69,300,106,106,'1993-12-08 11:37:19'),(70,301,107,107,'2020-07-14 22:57:14'),(71,302,108,108,'2001-06-22 03:52:51'),(72,303,109,109,'1977-09-22 17:31:11'),(73,304,110,110,'1987-03-22 09:27:11'),(74,305,101,101,'1991-08-16 19:22:43'),(75,306,102,102,'2012-10-18 22:52:11'),(76,307,103,103,'1989-01-05 04:56:19'),(77,309,104,104,'2002-02-11 22:09:02'),(78,310,105,105,'1999-04-07 13:40:23'),(79,312,106,106,'1970-05-04 01:05:12'),(80,316,107,107,'1977-01-03 12:26:18'),(81,321,108,108,'1986-11-20 10:56:18'),(82,322,109,109,'2011-10-21 11:56:07'),(83,326,110,110,'1974-03-22 15:37:00'),(84,328,101,101,'1983-12-14 16:09:13'),(85,332,102,102,'2019-08-28 08:21:15'),(86,333,103,103,'1997-07-22 20:43:41'),(87,334,104,104,'1976-06-03 13:17:43'),(88,335,105,105,'1980-08-04 13:51:37'),(89,337,106,106,'2001-10-02 19:25:13'),(90,338,107,107,'1985-08-18 11:08:14'),(91,342,108,108,'1983-10-13 13:24:41'),(92,343,109,109,'2005-06-08 03:59:12'),(93,344,110,110,'2011-12-30 19:01:46'),(94,345,101,101,'2010-04-15 16:18:18'),(95,346,102,102,'1979-01-17 15:20:49'),(96,349,103,103,'2007-03-14 01:49:38'),(97,350,104,104,'1986-11-27 06:27:30'),(98,352,105,105,'1973-06-01 01:02:37'),(99,355,106,106,'1986-11-30 16:48:57'),(100,356,107,107,'1973-09-03 20:54:32'),(101,357,108,108,'2015-03-18 08:44:35'),(102,358,109,109,'2010-12-13 07:15:31'),(103,360,110,110,'1972-12-17 08:15:15');
/*!40000 ALTER TABLE `likes` ENABLE KEYS */;
UNLOCK TABLES;

--
-- Table structure for table `media_files`
--

DROP TABLE IF EXISTS `media_files`;
/*!40101 SET @saved_cs_client     = @@character_set_client */;
/*!50503 SET character_set_client = utf8mb4 */;
CREATE TABLE `media_files` (
  `id` bigint(20) unsigned NOT NULL AUTO_INCREMENT COMMENT 'Идентификатор записи',
  `resource_type_id` int(8) unsigned NOT NULL COMMENT 'id типа ресурса',
  `user_id` bigint(20) unsigned NOT NULL COMMENT 'id пользователя',
  `fileName` varchar(255) NOT NULL COMMENT 'имя файла на диске',
  `fileRealName` varchar(255) NOT NULL COMMENT 'имя файла при загрузке',
  `created_at` datetime DEFAULT CURRENT_TIMESTAMP COMMENT 'файл добавлен',
  UNIQUE KEY `id` (`id`),
  KEY `user_id` (`user_id`),
  KEY `resource_type_id` (`resource_type_id`),
  CONSTRAINT `media_files_ibfk_1` FOREIGN KEY (`user_id`) REFERENCES `users` (`id`),
  CONSTRAINT `media_files_ibfk_2` FOREIGN KEY (`resource_type_id`) REFERENCES `resource_types` (`id`)
) ENGINE=InnoDB AUTO_INCREMENT=101 DEFAULT CHARSET=utf8;
/*!40101 SET character_set_client = @saved_cs_client */;

--
-- Dumping data for table `media_files`
--

LOCK TABLES `media_files` WRITE;
/*!40000 ALTER TABLE `media_files` DISABLE KEYS */;
INSERT INTO `media_files` VALUES (1,101,299,'totam','sed','1972-11-14 04:29:17'),(2,102,300,'cupiditate','magnam','2005-09-06 09:24:20'),(3,103,301,'ut','pariatur','1998-09-12 16:48:15'),(4,104,302,'blanditiis','rerum','1993-08-22 07:12:40'),(5,105,303,'qui','aut','1994-08-03 18:11:31'),(6,106,304,'distinctio','voluptatem','1992-02-23 10:17:48'),(7,107,305,'sapiente','illum','1970-04-13 00:24:47'),(8,108,306,'et','numquam','1985-09-03 00:28:26'),(9,109,307,'ducimus','itaque','2005-04-05 02:41:35'),(10,110,309,'natus','fugit','2003-02-07 10:17:46'),(11,101,310,'vel','sunt','1974-03-24 04:56:54'),(12,102,312,'aperiam','explicabo','1982-04-19 02:18:33'),(13,103,316,'deleniti','voluptate','2006-06-23 17:49:11'),(14,104,321,'dolorem','sunt','2012-08-10 12:22:11'),(15,105,322,'occaecati','quo','1985-11-18 00:40:21'),(16,106,326,'quae','debitis','1992-02-19 07:40:52'),(17,107,328,'nihil','harum','1978-09-17 22:55:44'),(18,108,332,'ea','et','1972-04-24 17:21:52'),(19,109,333,'officiis','et','1977-11-05 21:38:03'),(20,110,334,'dolor','eos','1992-03-08 23:27:51'),(21,101,335,'expedita','veniam','1984-12-17 14:39:17'),(22,102,337,'omnis','et','2010-03-29 20:47:31'),(23,103,338,'neque','quae','2011-02-20 15:50:12'),(24,104,342,'incidunt','earum','2008-09-14 03:53:37'),(25,105,343,'vel','reprehenderit','2007-11-06 10:48:31'),(26,106,344,'quibusdam','beatae','1983-01-05 01:29:30'),(27,107,345,'doloremque','tenetur','1994-07-30 18:26:43'),(28,108,346,'fugiat','consequuntur','1976-05-15 07:20:45'),(29,109,349,'consequuntur','sapiente','1982-04-29 11:45:58'),(30,110,350,'tenetur','perspiciatis','1995-02-21 19:12:41'),(31,101,352,'cumque','quaerat','1987-09-09 00:14:08'),(32,102,355,'natus','atque','1998-12-12 01:45:54'),(33,103,356,'sint','nulla','1971-12-16 13:45:35'),(34,104,357,'et','molestias','1983-02-28 02:16:55'),(35,105,358,'sit','inventore','2008-12-04 10:10:57'),(36,106,360,'nihil','vitae','2000-07-19 03:35:33'),(37,107,361,'reprehenderit','id','2010-01-22 03:02:12'),(38,108,362,'repellendus','quo','1983-01-02 03:49:07'),(39,109,364,'aut','ratione','2020-02-14 18:34:56'),(40,110,365,'autem','quaerat','1970-12-10 17:33:02'),(41,101,366,'eos','voluptatem','1986-10-05 12:33:11'),(42,102,368,'quia','nostrum','2010-10-11 10:08:32'),(43,103,369,'dolorum','vero','2003-06-06 15:12:10'),(44,104,371,'harum','sed','1976-09-14 22:21:59'),(45,105,372,'non','aut','1996-09-11 08:16:24'),(46,106,374,'illum','ipsam','1985-10-24 04:14:15'),(47,107,375,'ut','et','1998-09-01 15:37:25'),(48,108,376,'minus','numquam','2010-11-16 01:29:14'),(49,109,377,'facilis','facilis','1993-10-26 12:25:15'),(50,110,378,'est','eos','1998-05-22 23:25:40'),(51,101,379,'quas','itaque','1976-01-25 20:57:47'),(52,102,380,'voluptatum','consectetur','2016-10-29 05:19:14'),(53,103,381,'vitae','architecto','1983-08-01 07:19:53'),(54,104,382,'in','cumque','2016-02-23 00:41:52'),(55,105,383,'autem','veniam','2002-02-11 13:55:55'),(56,106,384,'repudiandae','ut','1988-09-07 19:14:12'),(57,107,385,'fugiat','officia','2003-11-19 14:03:13'),(58,108,386,'molestiae','assumenda','1972-11-17 22:24:03'),(59,109,387,'saepe','natus','2015-07-29 13:02:33'),(60,110,388,'ea','quam','2010-11-29 23:29:48'),(61,101,391,'in','et','1974-06-05 15:42:56'),(62,102,392,'minus','eos','1987-01-10 17:54:37'),(63,103,394,'ut','qui','2015-10-31 21:48:39'),(64,104,395,'accusantium','quia','1990-01-27 21:58:45'),(65,105,299,'non','et','1991-12-28 12:43:09'),(66,106,300,'laboriosam','in','1985-09-22 08:09:28'),(67,107,301,'mollitia','quidem','2014-05-29 12:53:24'),(68,108,302,'voluptatem','consequatur','1996-07-12 16:59:38'),(69,109,303,'eius','sed','1994-09-30 00:38:34'),(70,110,304,'est','at','2010-03-02 08:36:15'),(71,101,305,'doloribus','dolore','1988-04-27 06:04:21'),(72,102,306,'numquam','et','1972-12-13 02:53:32'),(73,103,307,'repellendus','sint','1985-04-25 15:53:20'),(74,104,309,'rem','earum','1993-08-20 03:28:26'),(75,105,310,'ab','beatae','1983-07-12 20:26:35'),(76,106,312,'fugit','autem','1998-04-24 03:41:47'),(77,107,316,'nemo','ipsum','2017-01-10 06:05:47'),(78,108,321,'ea','quis','1999-03-09 06:12:46'),(79,109,322,'quaerat','eum','2010-12-13 10:29:03'),(80,110,326,'harum','in','1998-12-13 12:19:34'),(81,101,328,'et','harum','2008-08-05 04:22:04'),(82,102,332,'non','quia','1992-01-04 08:08:47'),(83,103,333,'nihil','ipsum','1978-09-20 11:07:13'),(84,104,334,'atque','qui','2007-02-12 19:41:13'),(85,105,335,'tempora','quo','2021-02-14 11:14:59'),(86,106,337,'odio','non','1981-11-24 17:44:41'),(87,107,338,'laudantium','non','1995-05-16 21:29:55'),(88,108,342,'modi','cum','1970-02-18 18:27:34'),(89,109,343,'odio','velit','2005-06-16 23:43:26'),(90,110,344,'aliquam','maiores','1980-02-08 15:44:22'),(91,101,345,'atque','voluptas','2001-11-29 15:35:37'),(92,102,346,'quia','quia','1988-11-11 05:30:02'),(93,103,349,'earum','cum','2004-06-26 20:24:14'),(94,104,350,'rerum','optio','2007-08-13 20:22:30'),(95,105,352,'est','dolor','2020-06-16 16:10:31'),(96,106,355,'impedit','ut','1979-09-03 15:31:08'),(97,107,356,'sequi','vel','2020-12-08 14:08:15'),(98,108,357,'error','ipsam','1998-02-04 15:02:11'),(99,109,358,'laboriosam','eos','2012-11-05 13:38:14'),(100,110,360,'ducimus','unde','2009-02-10 19:29:46');
/*!40000 ALTER TABLE `media_files` ENABLE KEYS */;
UNLOCK TABLES;

--
-- Table structure for table `resource_types`
--

DROP TABLE IF EXISTS `resource_types`;
/*!40101 SET @saved_cs_client     = @@character_set_client */;
/*!50503 SET character_set_client = utf8mb4 */;
CREATE TABLE `resource_types` (
  `id` int(8) unsigned NOT NULL AUTO_INCREMENT COMMENT 'Идентификатор типа ресурса',
  `name` varchar(255) DEFAULT NULL COMMENT 'Название ресурса',
  `created_at` datetime DEFAULT CURRENT_TIMESTAMP,
  UNIQUE KEY `id` (`id`)
) ENGINE=InnoDB AUTO_INCREMENT=111 DEFAULT CHARSET=utf8 COMMENT='Типы ресурсов';
/*!40101 SET character_set_client = @saved_cs_client */;

--
-- Dumping data for table `resource_types`
--

LOCK TABLES `resource_types` WRITE;
/*!40000 ALTER TABLE `resource_types` DISABLE KEYS */;
INSERT INTO `resource_types` VALUES (101,'qui','2002-10-31 02:01:23'),(102,'enim','1976-12-14 15:12:42'),(103,'aut','1987-12-01 20:24:07'),(104,'veniam','1975-08-11 12:24:20'),(105,'velit','1994-02-21 06:45:08'),(106,'vitae','1991-10-07 17:42:35'),(107,'consequuntur','2016-02-27 22:22:03'),(108,'qui','2018-09-07 13:23:20'),(109,'odit','1970-11-14 15:01:56'),(110,'nemo','1980-03-18 04:33:15');
/*!40000 ALTER TABLE `resource_types` ENABLE KEYS */;
UNLOCK TABLES;

--
-- Table structure for table `users`
--

DROP TABLE IF EXISTS `users`;
/*!40101 SET @saved_cs_client     = @@character_set_client */;
/*!50503 SET character_set_client = utf8mb4 */;
CREATE TABLE `users` (
  `id` bigint(20) unsigned NOT NULL AUTO_INCREMENT,
  `firstname` varchar(50) DEFAULT NULL,
  `lastname` varchar(50) DEFAULT NULL COMMENT 'Фамилия',
  `email` varchar(120) DEFAULT NULL,
  `password_hash` varchar(100) DEFAULT NULL,
  `phone` bigint(20) unsigned DEFAULT NULL,
  PRIMARY KEY (`id`),
  UNIQUE KEY `email` (`email`),
  UNIQUE KEY `phone` (`phone`),
  KEY `users_firstname_lastname_idx` (`firstname`,`lastname`)
) ENGINE=InnoDB AUTO_INCREMENT=399 DEFAULT CHARSET=utf8 COMMENT='юзеры';
/*!40101 SET character_set_client = @saved_cs_client */;

--
-- Dumping data for table `users`
--

LOCK TABLES `users` WRITE;
/*!40000 ALTER TABLE `users` DISABLE KEYS */;
INSERT INTO `users` VALUES (299,'Winston','Thiel','cwatsica@example.com','8e22c980b09782770e6625935e655c7ef5b5e57b',405057791),(300,'Charity','Fay','juvenal52@example.org','104731c2333b6774b780799c7da581337049fa32',0),(301,'Ova','Keeling','dickinson.randal@example.net','a66b2f42edaacfa333d3a4a60688f0cb6b4cb24b',113),(302,'Pink','Sauer','ransom20@example.net','a9b39f8c3030a20285057daa2f3adbd051fa805b',135405),(303,'Ezequiel','Friesen','bcrona@example.com','6c71c0f1b5f73553e32023111a75e4dc091b7b67',34),(304,'Precious','Hauck','antonio61@example.net','4c9868d409a60f55c7d03744db10d3a5e60623e0',949624),(305,'Jewell','West','kari46@example.org','47314d9dc878d7994d393e4c5dec810b2a3835b5',449),(306,'Korey','Hahn','greenholt.eric@example.org','08e631c5e1549739f65859977b2029b973793f11',1),(307,'Sebastian','Kirlin','heaney.aiden@example.net','222666acae6004e22313ccb63ff0b737262b207b',746),(309,'Duane','Rutherford','irwin04@example.net','387d05c7014a3653f5fae3d7caff57f23b77e316',105224),(310,'Arianna','Metz','carolanne.dickens@example.net','f64f258b0dda23b8e6366d8c5a28209956e9ca2a',91),(312,'Rory','O\'Reilly','icollins@example.com','f7e625ce7438c193e0fd99d2eb72fe15c744a96d',48),(316,'Giuseppe','Streich','watsica.alena@example.org','4c4d28b648b9ac399608efa3a9fdb3e15e4634f1',173),(321,'Lucy','Collier','murray.napoleon@example.com','fd398481d93c676733ab1283dda55e4d47d6e9fa',936614),(322,'Daniela','Barton','cmueller@example.com','d3a57eef852111e4244a3012b5961f0194bb027e',59),(326,'Shea','Auer','telly80@example.net','7add68f2dfd9dc390f3d7790f6f6f1aa135cf399',81165),(328,'Modesta','Jacobson','boyer.lonnie@example.com','76200866a77a905da7d0471289dead9068daecf4',871236221),(332,'Maida','Rutherford','janick.beahan@example.org','90cbfe730e189fee1d40ed65cba22c4ff09b727d',357),(333,'Hanna','Cummerata','cecelia41@example.com','be7f54758b9f32e3e4cc8f7c58e6bc0b514b95a4',954055),(334,'Landen','Turner','ruthie74@example.org','3e546ebb85e117d775c5f70646582c50c9bccadf',725),(335,'Lukas','Kuhic','johnathon08@example.net','a5fe60bbdc53fe0295a5cd29969e4b917b26f305',16),(337,'Yoshiko','Heaney','brook96@example.net','3fce584f61f3597f52bd115b26e351bb6a59e432',613),(338,'Carson','Jones','rohan.kiara@example.net','298b0dc96e215cee911fdea5c722d8933fdf2aff',321),(342,'Federico','Greenholt','bernhard.brennon@example.org','b2fc35ef2045d7a4b3dd40fbc4b1f59147110cb1',799072),(343,'Dannie','Keebler','swaniawski.roslyn@example.com','d6931a4bfc24ed9c574db00e5eb4b43eb44f2b59',777),(344,'Wilson','Herman','gennaro.bartell@example.net','660594e8ee78af8e796bbe5d60648b44453f6abc',8553517031),(345,'Consuelo','Reynolds','maude.crist@example.net','d864d12efe1bab4cbb99cd2226954bdde9e18bf6',689191),(346,'Miles','Feil','keven.pouros@example.org','c9b81e37cac973b9af761245710cbbbf95fd6842',611961),(349,'Sharon','Kutch','mohammed58@example.net','52bcdb1a85da99f58137157ee095e3683bc0c667',137),(350,'Savanah','West','megane73@example.com','1dc5cf3782def7a48cdadf8bd0027bb3d4cccded',898),(352,'Reinhold','Feest','mable.kuhic@example.org','b9c2c56d5431a6de6619a79a8c45d9a32b554066',681),(355,'Maci','Oberbrunner','goyette.tyrell@example.com','40cf5e3383955201f14ebaf44b10a234376f7032',907931),(356,'Leda','Ledner','zackery.jacobi@example.net','a5ac7a842f999d88855d440bd77fe8731602616c',2075535115),(357,'Oran','White','horace34@example.org','b0fc5b6c25029bac16c85cd5f37d9416277bb7ee',388449),(358,'Freeman','Purdy','xrippin@example.org','2e74b3d64eaa3593611a9afba6af23b5fb1c52f2',31),(360,'Guillermo','Mosciski','eryn88@example.com','63506f273b96f9e7d9f565a31649421f9117764a',8014145721),(361,'Jerod','Mueller','michaela95@example.org','550f0dc5091058cdfbf5c5f73b1b0212a4ff0b7c',676),(362,'Esperanza','Hansen','daugherty.forrest@example.net','3fa566cd53d09db0e86cb7bfb71fcf56bc3f7b80',66),(364,'Quinten','Green','agustin65@example.net','794116e82dc6b974b45bdfd461dfe616796b9228',11564),(365,'Hillary','Kirlin','xbarrows@example.net','ad6f6a522bef3ab83c278e1eb6829f3f888f42e6',566),(366,'Graciela','Fadel','leo.goyette@example.org','341a371fdb0fc024e76be25beb6e88eb14a84823',9110104191),(368,'Matilda','Tromp','delpha22@example.org','2d7054b5a1dc6e48053e7c8def742907afd371cb',122),(369,'Audra','Sporer','wilson.gaylord@example.net','082e79c13a352cfa6daad30721132dd75e27c3b2',864),(371,'Ana','Murazik','kshlerin.annetta@example.net','3a07cd87436f0bafd7bd781b20ce3d2ff096ef53',639478),(372,'Simone','Baumbach','lesch.victor@example.com','94edee68bb54a51d803bfb97a8e6263fedeed56b',6575560259),(374,'Kailyn','Heller','royal.larkin@example.org','a9b65b1734867de7ff6150803b840c27af77eba8',54),(375,'Sophie','Streich','ruecker.margarete@example.com','2e71b85888f8dbcecadd30294ea48a5509e2754a',395228),(376,'Simeon','Ledner','myrtis79@example.org','637eceed9d218eb76233f3c96c8d94a83acf6db7',4751924079),(377,'Jack','Carter','roderick92@example.net','8631fdbb95c23426a549361fb193be2fb6b71e8f',505),(378,'Bobbie','Heathcote','maritza.gottlieb@example.net','7faadfc55aacf170563787d0cdb331942a798028',29922),(379,'Geovanny','Morissette','rrice@example.org','3565a134fc49cbb02c17c98dc0702cbfc0facdd9',75),(380,'Sienna','Stoltenberg','moen.madalyn@example.org','5ee9d162e37750c388b71963b5b40cbc9bd7d6aa',426586766),(381,'Johan','Ernser','opal16@example.net','5875232bb460293a66f871820321e6ef8d7cd3ca',4290291004),(382,'Marty','Wisozk','oswaldo.ritchie@example.net','20bbfe2015d1f777a2f636ea50bf95d6b8f4876d',120577),(383,'Alysha','Hintz','dtillman@example.org','bf2818743e5708814ee56ec2e69080a127562334',702),(384,'Jaylin','Buckridge','sydnee.terry@example.org','edb0b6a823549315325eb5a814214b442862c036',874),(385,'Mackenzie','Heaney','howell.janick@example.net','700ea0c4b07cdfa9e898c20a93de5098e105dd47',74),(386,'Lorenzo','Tillman','stevie93@example.com','cacd5f80d189abe1578174e84779a06f98806c16',639),(387,'Junius','Schneider','rosalee60@example.net','c8e0f8dac4c514b25370354c5702c5fec0ad2442',704),(388,'Lela','Macejkovic','violet.pfannerstill@example.net','c1ba511d9f5e21a0eae13724566dc24b8c257c17',688),(391,'Christina','Smith','ikozey@example.net','b390a05f1005d6ecf662dbddb1473e50c9946f36',564395),(392,'Jerry','Deckow','kailey.wiza@example.com','af7dd169a7da46fe345c7b002cdcddde3866ac95',882),(394,'Lenore','Schoen','dwuckert@example.org','927a5c30be62d90dfdc7625dec5a65c2c2c5d00a',7099),(395,'Maximillia','Bode','otis.runte@example.net','2c93606abce4e1153cbd6710abd3e0ca0ee70e57',4820148036);
/*!40000 ALTER TABLE `users` ENABLE KEYS */;
UNLOCK TABLES;
/*!40103 SET TIME_ZONE=@OLD_TIME_ZONE */;

/*!40101 SET SQL_MODE=@OLD_SQL_MODE */;
/*!40014 SET FOREIGN_KEY_CHECKS=@OLD_FOREIGN_KEY_CHECKS */;
/*!40014 SET UNIQUE_CHECKS=@OLD_UNIQUE_CHECKS */;
/*!40101 SET CHARACTER_SET_CLIENT=@OLD_CHARACTER_SET_CLIENT */;
/*!40101 SET CHARACTER_SET_RESULTS=@OLD_CHARACTER_SET_RESULTS */;
/*!40101 SET COLLATION_CONNECTION=@OLD_COLLATION_CONNECTION */;
/*!40111 SET SQL_NOTES=@OLD_SQL_NOTES */;

-- Dump completed on 2021-05-08 14:52:57
