CREATE DATABASE  IF NOT EXISTS `vk` /*!40100 DEFAULT CHARACTER SET utf8 */;
USE `vk`;
-- MySQL dump 10.13  Distrib 8.0.20, for Win64 (x86_64)
--
-- Host: 89.208.48.182    Database: vk
-- ------------------------------------------------------
-- Server version	5.7.19-log

/*!40101 SET @OLD_CHARACTER_SET_CLIENT=@@CHARACTER_SET_CLIENT */;
/*!40101 SET @OLD_CHARACTER_SET_RESULTS=@@CHARACTER_SET_RESULTS */;
/*!40101 SET @OLD_COLLATION_CONNECTION=@@COLLATION_CONNECTION */;
/*!50503 SET NAMES utf8 */;
/*!40103 SET @OLD_TIME_ZONE=@@TIME_ZONE */;
/*!40103 SET TIME_ZONE='+00:00' */;
/*!40014 SET @OLD_UNIQUE_CHECKS=@@UNIQUE_CHECKS, UNIQUE_CHECKS=0 */;
/*!40014 SET @OLD_FOREIGN_KEY_CHECKS=@@FOREIGN_KEY_CHECKS, FOREIGN_KEY_CHECKS=0 */;
/*!40101 SET @OLD_SQL_MODE=@@SQL_MODE, SQL_MODE='NO_AUTO_VALUE_ON_ZERO' */;
/*!40111 SET @OLD_SQL_NOTES=@@SQL_NOTES, SQL_NOTES=0 */;

--
-- Table structure for table `communities`
--

DROP TABLE IF EXISTS `communities`;
/*!40101 SET @saved_cs_client     = @@character_set_client */;
/*!50503 SET character_set_client = utf8mb4 */;
CREATE TABLE `communities` (
  `id` bigint(20) unsigned NOT NULL AUTO_INCREMENT,
  `name` varchar(150) DEFAULT NULL,
  `admin_user_id` bigint(20) unsigned NOT NULL,
  UNIQUE KEY `id` (`id`),
  KEY `communities_name_idx` (`name`),
  KEY `admin_user_id` (`admin_user_id`),
  CONSTRAINT `communities_ibfk_1` FOREIGN KEY (`admin_user_id`) REFERENCES `users` (`id`)
) ENGINE=InnoDB AUTO_INCREMENT=101 DEFAULT CHARSET=utf8;
/*!40101 SET character_set_client = @saved_cs_client */;

--
-- Dumping data for table `communities`
--

LOCK TABLES `communities` WRITE;
/*!40000 ALTER TABLE `communities` DISABLE KEYS */;
INSERT INTO `communities` VALUES (1,'quibusdam',1),(2,'et',2),(3,'quia',3),(4,'enim',4),(5,'iusto',5),(6,'optio',6),(7,'et',7),(8,'id',8),(9,'animi',9),(10,'non',10),(11,'aut',11),(12,'quod',12),(13,'expedita',13),(14,'nobis',14),(15,'consequatur',15),(16,'amet',16),(17,'ea',17),(18,'autem',18),(19,'praesentium',19),(20,'eos',20),(21,'vel',21),(22,'id',22),(23,'rerum',23),(24,'labore',24),(25,'quae',25),(26,'et',26),(27,'nam',27),(28,'et',28),(29,'quisquam',29),(30,'vel',30),(31,'quae',31),(32,'ratione',32),(33,'mollitia',33),(34,'impedit',34),(35,'eum',35),(36,'quos',36),(37,'earum',37),(38,'dolorum',38),(39,'sit',39),(40,'consequatur',40),(41,'at',41),(42,'nam',42),(43,'aliquam',43),(44,'repudiandae',44),(45,'occaecati',45),(46,'id',46),(47,'qui',47),(48,'non',48),(49,'et',49),(50,'voluptatum',50),(51,'deleniti',51),(52,'et',52),(53,'aut',53),(54,'explicabo',54),(55,'est',55),(56,'quas',56),(57,'est',57),(58,'adipisci',58),(59,'nulla',59),(60,'ipsa',60),(61,'qui',62),(62,'dicta',63),(63,'qui',64),(64,'voluptas',65),(65,'id',66),(66,'eum',67),(67,'dicta',68),(68,'necessitatibus',69),(69,'architecto',70),(70,'perferendis',71),(71,'corporis',72),(72,'tempora',73),(73,'laudantium',74),(74,'nihil',75),(75,'ex',76),(76,'excepturi',77),(77,'nesciunt',80),(78,'quia',82),(79,'minus',83),(80,'esse',84),(81,'est',85),(82,'exercitationem',86),(83,'et',87),(84,'dolores',88),(85,'officiis',89),(86,'sit',90),(87,'rerum',91),(88,'officiis',92),(89,'voluptatem',93),(90,'voluptas',94),(91,'velit',95),(92,'quis',96),(93,'enim',97),(94,'delectus',98),(95,'sit',99),(96,'qui',100),(97,'soluta',101),(98,'non',102),(99,'minima',103),(100,'cupiditate',104);
/*!40000 ALTER TABLE `communities` ENABLE KEYS */;
UNLOCK TABLES;

--
-- Table structure for table `friend_requests`
--

DROP TABLE IF EXISTS `friend_requests`;
/*!40101 SET @saved_cs_client     = @@character_set_client */;
/*!50503 SET character_set_client = utf8mb4 */;
CREATE TABLE `friend_requests` (
  `initiator_user_id` bigint(20) unsigned NOT NULL,
  `target_user_id` bigint(20) unsigned NOT NULL,
  `status` enum('requested','approved','declined','unfriended') DEFAULT NULL,
  `requested_at` datetime DEFAULT CURRENT_TIMESTAMP,
  `updated_at` datetime DEFAULT NULL ON UPDATE CURRENT_TIMESTAMP,
  PRIMARY KEY (`initiator_user_id`,`target_user_id`),
  KEY `target_user_id` (`target_user_id`),
  CONSTRAINT `friend_requests_ibfk_1` FOREIGN KEY (`initiator_user_id`) REFERENCES `users` (`id`),
  CONSTRAINT `friend_requests_ibfk_2` FOREIGN KEY (`target_user_id`) REFERENCES `users` (`id`)
) ENGINE=InnoDB DEFAULT CHARSET=utf8;
/*!40101 SET character_set_client = @saved_cs_client */;

--
-- Dumping data for table `friend_requests`
--

LOCK TABLES `friend_requests` WRITE;
/*!40000 ALTER TABLE `friend_requests` DISABLE KEYS */;
INSERT INTO `friend_requests` VALUES (1,1,'requested','1991-09-07 18:10:48','1977-01-29 20:20:11'),(1,2,'approved','2021-03-16 21:31:59','2021-03-16 21:33:09'),(1,5,'approved','2021-03-16 21:32:09','2021-03-16 21:33:09'),(2,2,'declined','2013-08-04 11:05:19','2017-10-20 08:55:28'),(3,3,'declined','1988-07-09 08:44:34','2001-09-07 14:19:25'),(4,4,'declined','1999-03-11 00:52:39','1977-10-31 23:00:30'),(5,5,'approved','1982-07-09 05:21:16','1985-02-09 05:02:04'),(6,1,'requested','2021-03-16 21:32:21',NULL),(6,6,'declined','1999-10-23 08:36:01','1972-03-18 01:05:26'),(7,7,'approved','1975-06-17 07:20:14','1983-12-27 22:19:30'),(8,8,'approved','1988-05-17 09:36:26','1999-10-28 14:18:12'),(9,9,'requested','1971-07-16 13:15:06','1998-08-21 20:22:58'),(10,10,'declined','2010-12-03 02:43:13','2007-08-11 19:29:18'),(11,11,'unfriended','2012-04-04 01:06:08','1985-01-11 00:22:54'),(12,12,'requested','1996-05-08 00:51:20','1978-04-02 09:00:31'),(13,13,'approved','1985-01-21 12:55:39','1988-04-03 19:57:53'),(14,14,'requested','1981-06-19 19:00:02','1982-01-03 15:32:09'),(15,15,'declined','2016-05-22 19:29:17','2008-09-18 10:30:48'),(16,16,'requested','1996-02-03 09:20:14','1974-01-14 20:18:12'),(17,17,'requested','1977-09-23 22:41:58','1995-12-16 01:15:05'),(18,18,'unfriended','2002-08-29 21:16:44','2021-02-15 07:12:50'),(19,19,'approved','1981-08-03 17:48:06','1985-06-13 07:14:40'),(20,20,'approved','1994-05-14 00:51:40','2013-04-21 15:22:51'),(21,21,'unfriended','1991-05-26 20:47:08','2006-11-15 03:55:06'),(22,22,'requested','1973-03-05 10:26:54','1983-07-03 07:31:18'),(23,23,'approved','1973-08-27 17:15:41','1985-05-27 21:43:00'),(24,24,'unfriended','2015-01-02 07:23:21','2003-10-16 01:09:52'),(25,25,'approved','1983-08-20 14:05:10','1991-03-14 15:58:00'),(26,26,'approved','1991-02-01 10:33:55','2007-10-31 11:30:21'),(27,27,'declined','1996-12-23 16:09:28','1977-07-07 03:45:19'),(28,28,'declined','1999-03-10 06:32:32','2012-10-17 10:48:13'),(29,29,'unfriended','1977-07-27 20:50:10','1974-02-13 14:34:01'),(30,30,'declined','2019-01-09 00:34:40','1976-09-17 06:48:49'),(31,31,'unfriended','1983-05-16 01:41:46','1984-11-04 15:39:00'),(32,32,'unfriended','1984-02-20 07:58:18','1984-08-27 23:17:03'),(33,33,'declined','2015-05-14 14:44:25','2019-09-07 23:08:33'),(34,34,'declined','2015-08-21 14:21:43','1970-02-15 08:42:48'),(35,35,'requested','1990-04-02 04:34:00','2006-04-18 01:38:08'),(36,36,'unfriended','2014-09-29 15:47:20','1970-06-16 08:30:23'),(37,37,'approved','1990-11-09 03:28:52','1986-06-20 20:02:39'),(38,38,'unfriended','2008-04-07 04:14:44','1993-10-29 08:49:21'),(39,39,'approved','2018-06-18 00:17:20','2002-04-20 08:14:18'),(40,40,'declined','1980-11-05 23:42:07','2021-02-11 10:29:12'),(41,41,'declined','2012-11-18 22:18:51','1999-02-08 03:39:27'),(42,42,'declined','2002-08-02 14:35:17','1991-11-06 16:08:54'),(43,43,'unfriended','1988-10-24 16:25:50','1988-09-29 10:52:44'),(44,44,'unfriended','1978-02-20 03:40:42','1998-12-21 11:42:12'),(45,45,'unfriended','1995-06-22 03:49:40','1977-04-29 18:08:33'),(46,46,'unfriended','1978-08-17 13:45:57','1993-10-01 04:02:02'),(47,47,'approved','1992-01-19 10:30:35','2017-03-30 05:47:08'),(48,48,'approved','1982-12-11 21:52:38','1972-02-22 23:05:12'),(49,49,'declined','1973-04-19 02:36:11','1999-04-08 00:43:53'),(50,50,'declined','2004-04-16 12:02:42','1973-10-18 10:24:24'),(51,51,'declined','1973-10-22 13:09:21','1979-10-24 22:19:46'),(52,52,'approved','2017-12-06 17:25:26','1981-05-06 23:12:52'),(53,53,'unfriended','2010-08-12 21:07:38','1983-11-26 19:32:24'),(54,54,'unfriended','2011-04-12 03:38:52','1973-02-17 19:42:36'),(55,55,'requested','1987-12-25 02:37:04','2017-02-05 00:37:28'),(56,56,'declined','2007-03-27 18:19:53','1971-08-02 11:34:10'),(57,57,'approved','1996-11-09 20:30:50','2005-12-09 14:37:01');
/*!40000 ALTER TABLE `friend_requests` ENABLE KEYS */;
UNLOCK TABLES;

--
-- Table structure for table `likes`
--

DROP TABLE IF EXISTS `likes`;
/*!40101 SET @saved_cs_client     = @@character_set_client */;
/*!50503 SET character_set_client = utf8mb4 */;
CREATE TABLE `likes` (
  `id` bigint(20) unsigned NOT NULL AUTO_INCREMENT,
  `user_id` bigint(20) unsigned NOT NULL,
  `media_id` bigint(20) unsigned NOT NULL,
  `created_at` datetime DEFAULT CURRENT_TIMESTAMP,
  UNIQUE KEY `id` (`id`),
  KEY `likes_fk` (`media_id`),
  KEY `likes_fk_1` (`user_id`),
  CONSTRAINT `likes_fk` FOREIGN KEY (`media_id`) REFERENCES `media` (`id`),
  CONSTRAINT `likes_fk_1` FOREIGN KEY (`user_id`) REFERENCES `users` (`id`)
) ENGINE=InnoDB AUTO_INCREMENT=152 DEFAULT CHARSET=utf8;
/*!40101 SET character_set_client = @saved_cs_client */;

--
-- Dumping data for table `likes`
--

LOCK TABLES `likes` WRITE;
/*!40000 ALTER TABLE `likes` DISABLE KEYS */;
INSERT INTO `likes` VALUES (1,1,1,'2008-11-04 08:03:04'),(2,2,2,'2015-10-14 18:41:08'),(3,3,3,'1981-06-29 15:28:25'),(4,4,4,'2004-02-22 19:35:22'),(5,5,5,'1992-10-30 12:27:31'),(6,6,6,'1994-03-07 17:48:42'),(7,7,7,'2005-09-08 20:15:29'),(8,8,8,'1974-09-17 09:51:24'),(9,9,9,'2009-08-20 07:33:14'),(10,10,10,'2015-08-11 11:25:49'),(11,11,11,'2008-04-08 00:12:17'),(12,12,12,'2002-08-21 13:04:29'),(13,13,13,'1992-10-17 16:41:49'),(14,14,14,'2017-01-05 13:04:04'),(15,15,15,'1975-11-17 22:34:30'),(16,16,16,'1990-06-01 10:52:10'),(17,17,17,'2021-04-15 06:34:12'),(18,18,18,'1976-01-23 05:16:41'),(19,19,19,'2017-02-14 16:18:00'),(20,20,20,'2007-05-27 07:20:01'),(21,21,21,'1970-11-01 02:45:18'),(22,22,22,'2004-02-18 08:46:15'),(23,23,23,'1976-01-05 18:20:42'),(24,24,24,'1971-12-16 13:53:30'),(25,25,25,'2016-03-19 19:44:35'),(26,26,26,'1978-12-07 21:28:29'),(27,27,27,'2009-03-12 15:14:22'),(28,28,28,'2010-03-25 17:43:37'),(29,29,29,'1983-09-30 15:34:22'),(30,30,30,'1983-06-29 10:00:59'),(31,31,31,'2003-02-09 01:27:33'),(32,32,32,'2004-02-16 15:42:26'),(33,33,33,'2016-08-21 11:26:10'),(34,34,34,'2000-10-02 20:53:07'),(35,35,35,'2001-01-26 07:58:23'),(36,36,36,'2017-04-24 22:20:56'),(37,37,37,'2016-10-20 19:20:42'),(38,38,38,'2007-01-30 06:34:59'),(39,39,39,'2013-06-08 08:25:07'),(40,40,40,'1987-05-04 06:53:06'),(41,41,41,'2019-12-31 21:44:03'),(42,42,42,'1983-04-04 21:31:58'),(43,43,43,'1991-08-12 00:57:25'),(44,44,44,'1978-11-01 14:32:05'),(45,45,45,'1971-10-11 19:23:05'),(46,46,46,'1996-04-12 01:42:53'),(47,47,47,'2019-04-10 03:29:53'),(48,48,48,'1971-09-12 17:20:04'),(49,49,49,'1997-11-03 15:30:57'),(50,50,50,'2001-11-16 15:10:02'),(51,51,51,'1971-01-28 07:13:36'),(52,52,52,'1985-09-11 17:17:42'),(53,53,53,'2004-01-31 18:26:05'),(54,54,54,'2015-06-26 13:51:47'),(55,55,55,'1994-03-12 15:44:48'),(56,56,56,'2012-11-04 20:05:32'),(57,57,57,'1986-07-24 19:18:23'),(58,58,58,'1988-01-31 08:40:34'),(59,59,59,'1985-10-14 03:52:21'),(60,60,60,'2015-03-24 09:54:02'),(61,62,61,'1978-06-11 08:17:24'),(62,63,62,'2004-07-20 22:48:09'),(63,64,63,'1988-10-12 11:23:04'),(64,65,64,'2016-06-06 03:16:20'),(65,66,65,'2003-04-08 21:49:30'),(66,67,66,'2021-02-06 11:00:11'),(67,68,67,'2015-05-19 01:34:50'),(68,69,68,'2011-06-01 17:06:44'),(69,70,69,'2009-12-31 02:56:33'),(70,71,70,'1989-10-13 08:10:06'),(71,72,71,'2016-12-16 09:58:24'),(72,73,72,'2010-01-03 00:59:26'),(73,74,73,'1989-10-20 08:28:02'),(74,75,74,'2018-01-27 11:14:58'),(75,76,75,'2016-01-17 12:18:07'),(76,77,76,'1970-02-17 12:57:13'),(77,80,77,'1991-10-21 12:09:39'),(78,82,78,'2002-03-02 03:52:19'),(79,83,79,'2002-03-16 21:49:07'),(80,84,80,'2014-12-18 04:08:04'),(81,85,81,'1993-11-16 13:49:01'),(82,86,82,'1976-03-12 06:29:05'),(83,87,83,'1980-05-07 18:46:55'),(84,88,84,'1985-09-27 21:43:42'),(85,89,85,'2019-02-02 10:19:25'),(86,90,86,'1992-07-14 15:45:56'),(87,91,87,'2004-08-13 08:13:44'),(88,92,88,'1980-07-30 03:17:19'),(89,93,89,'2019-05-10 15:42:01'),(90,94,90,'1981-05-17 23:30:25'),(91,95,91,'1983-02-12 21:41:49'),(92,96,92,'2007-01-16 11:53:05'),(93,97,93,'2005-02-25 22:19:17'),(94,98,94,'1977-09-17 02:54:05'),(95,99,95,'1982-10-30 18:51:27'),(96,100,96,'1994-11-08 05:02:59'),(97,101,97,'2004-10-31 01:12:13'),(98,102,98,'2017-03-22 21:49:31'),(99,103,99,'2010-07-10 12:33:40'),(100,104,100,'1984-02-16 19:55:32'),(101,47,47,'2021-05-14 18:13:19'),(102,47,47,'2021-05-14 18:13:19'),(103,47,47,'2021-05-14 18:13:19'),(104,47,47,'2021-05-14 18:13:19'),(105,47,47,'2021-05-14 18:13:19'),(106,47,47,'2021-05-14 18:13:19'),(107,47,47,'2021-05-14 18:13:19'),(108,47,47,'2021-05-14 18:13:19'),(109,47,47,'2021-05-14 18:13:19'),(110,47,47,'2021-05-14 18:13:19'),(111,47,47,'2021-05-14 18:13:19'),(112,44,47,'2021-05-14 18:13:37'),(113,44,47,'2021-05-14 18:13:37'),(114,44,47,'2021-05-14 18:13:37'),(115,44,47,'2021-05-14 18:13:37'),(116,44,47,'2021-05-14 18:13:37'),(117,77,47,'2021-05-14 18:13:53'),(118,77,47,'2021-05-14 18:13:53'),(119,77,47,'2021-05-14 18:13:53'),(120,77,47,'2021-05-14 18:13:53'),(121,77,47,'2021-05-14 18:13:53'),(122,77,47,'2021-05-14 18:13:53'),(123,77,47,'2021-05-14 18:13:53'),(124,77,47,'2021-05-14 18:13:53'),(125,77,47,'2021-05-14 18:13:53'),(126,77,47,'2021-05-14 18:13:53'),(127,77,47,'2021-05-14 18:13:53'),(128,77,47,'2021-05-14 18:13:53'),(129,77,47,'2021-05-14 18:13:53'),(130,77,47,'2021-05-14 18:13:53'),(131,77,47,'2021-05-14 18:13:53'),(132,77,47,'2021-05-14 18:13:53'),(133,77,47,'2021-05-14 18:13:53'),(134,77,47,'2021-05-14 18:13:53'),(135,77,47,'2021-05-14 18:13:53'),(136,77,47,'2021-05-14 18:13:53'),(137,77,47,'2021-05-14 18:13:53'),(138,77,47,'2021-05-14 18:13:53'),(139,77,47,'2021-05-14 18:13:53'),(140,77,47,'2021-05-14 18:13:53'),(141,77,47,'2021-05-14 18:13:53'),(142,77,47,'2021-05-14 18:13:53'),(143,77,47,'2021-05-14 18:13:53'),(144,86,47,'2021-05-14 18:14:23'),(145,86,47,'2021-05-14 18:14:23'),(146,86,47,'2021-05-14 18:14:23'),(147,86,47,'2021-05-14 18:14:23'),(148,86,47,'2021-05-14 18:14:23'),(149,86,47,'2021-05-14 18:14:23'),(150,86,47,'2021-05-14 18:14:23'),(151,86,47,'2021-05-14 18:14:23');
/*!40000 ALTER TABLE `likes` ENABLE KEYS */;
UNLOCK TABLES;

--
-- Table structure for table `media`
--

DROP TABLE IF EXISTS `media`;
/*!40101 SET @saved_cs_client     = @@character_set_client */;
/*!50503 SET character_set_client = utf8mb4 */;
CREATE TABLE `media` (
  `id` bigint(20) unsigned NOT NULL AUTO_INCREMENT,
  `media_type_id` bigint(20) unsigned NOT NULL,
  `user_id` bigint(20) unsigned NOT NULL,
  `body` text,
  `filename` varchar(255) DEFAULT NULL,
  `size` int(11) DEFAULT NULL,
  `metadata` json DEFAULT NULL,
  `created_at` datetime DEFAULT CURRENT_TIMESTAMP,
  `updated_at` datetime DEFAULT NULL ON UPDATE CURRENT_TIMESTAMP,
  UNIQUE KEY `id` (`id`),
  KEY `user_id` (`user_id`),
  KEY `media_type_id` (`media_type_id`),
  CONSTRAINT `media_ibfk_1` FOREIGN KEY (`user_id`) REFERENCES `users` (`id`),
  CONSTRAINT `media_ibfk_2` FOREIGN KEY (`media_type_id`) REFERENCES `media_types` (`id`)
) ENGINE=InnoDB AUTO_INCREMENT=101 DEFAULT CHARSET=utf8;
/*!40101 SET character_set_client = @saved_cs_client */;

--
-- Dumping data for table `media`
--

LOCK TABLES `media` WRITE;
/*!40000 ALTER TABLE `media` DISABLE KEYS */;
INSERT INTO `media` VALUES (1,1,1,'Odio non dolorem ut soluta assumenda quam minus. Maiores assumenda aut occaecati ut ex. Quas reprehenderit veritatis totam et omnis.','quaerat',86447,NULL,'2017-07-08 21:42:01','2020-04-10 04:20:11'),(2,2,2,'Voluptatem dolorum iste maiores minima omnis consectetur illum. Culpa minima sunt incidunt quia ut ab odio.','nemo',0,NULL,'1976-07-18 01:27:27','1976-01-16 11:23:48'),(3,3,3,'Quia expedita iure consectetur molestiae id. Ut ipsa iste eum. Quae aliquam numquam consequatur ipsa perferendis. Mollitia omnis explicabo laborum accusamus nihil beatae. Illo quibusdam et dolorum autem aut magni odio.','non',32690774,NULL,'1981-01-01 01:35:28','1976-04-25 23:33:19'),(4,4,4,'Est in odit quisquam quibusdam. Nisi modi quia eos totam eveniet accusantium. Et officia consequatur cupiditate beatae. Eum odit beatae consequatur minus et ut eos harum.','voluptatem',22743987,NULL,'1999-12-24 20:56:50','2004-03-06 07:51:19'),(5,5,5,'Iste similique nostrum asperiores dolore architecto alias quis voluptas. Rem rerum cupiditate nihil earum praesentium. Aperiam possimus voluptates unde est ea nihil qui.','ex',527109002,NULL,'1980-10-02 11:00:35','1984-12-23 19:56:35'),(6,6,6,'Delectus dolore rerum nemo. Minus officiis sunt et impedit. Ducimus saepe facilis soluta vitae nihil fugiat. Soluta sunt nam qui a adipisci consectetur.','et',764765,NULL,'1974-11-29 13:41:52','1970-07-18 19:21:07'),(7,7,7,'Amet possimus et sit fuga odio. Neque commodi quisquam aliquam accusantium. Amet minus quae repellendus nisi natus. Veritatis officiis omnis rerum tenetur itaque sit illum. Vitae soluta libero nihil eos.','modi',28,NULL,'1981-09-06 16:35:14','2004-07-01 22:29:35'),(8,8,8,'Perferendis aliquid aperiam est omnis quia aut recusandae. Laborum ipsa deleniti vero hic vel. Enim aut impedit sit illo et.','sit',236761,NULL,'1997-03-12 00:25:35','2004-05-31 12:28:43'),(9,9,9,'Sint doloremque molestiae facilis suscipit. Reprehenderit reiciendis eveniet amet et cumque. Libero aliquid labore at sed est molestias. Eveniet praesentium qui nostrum voluptatem id ad.','placeat',9594985,NULL,'2006-11-08 17:15:16','2003-06-09 01:40:01'),(10,10,10,'Occaecati quia sequi non incidunt rerum sequi incidunt. Eaque sequi similique dolores rerum. Alias et est quaerat animi deleniti. Omnis magnam aut facilis aliquid numquam est nisi voluptatibus.','vero',69913,NULL,'1979-08-29 15:29:29','1996-12-15 23:54:05'),(11,11,11,'Eum voluptatem magnam eum delectus voluptate hic incidunt vitae. Doloremque laborum modi odio vel id esse sequi. Veniam ut suscipit deserunt.','praesentium',91,NULL,'1976-01-03 03:28:41','2010-06-18 19:03:11'),(12,12,12,'Ut atque omnis vero magni molestias esse. Praesentium est deleniti ut ab sapiente. Totam dolores et aliquid.','est',773,NULL,'2013-05-25 01:21:23','1988-03-02 08:48:31'),(13,13,13,'Architecto dolor ipsa veniam quidem. In error incidunt necessitatibus. Eum et natus tempora in.','quod',51,NULL,'1991-04-27 23:27:42','2016-02-08 10:39:19'),(14,14,14,'Ipsa enim quia voluptate molestiae voluptatum. Aut est animi atque culpa. Ratione qui eos eum voluptates corrupti et et. Expedita repellat facere modi nihil consequatur sed nesciunt. Inventore consequatur ipsa velit expedita.','voluptas',758,NULL,'2013-03-20 23:51:58','2017-09-04 01:31:58'),(15,15,15,'Corporis odio velit ea voluptatibus necessitatibus aliquid. Repellendus facilis itaque eos. Modi quibusdam qui ad iure.','quod',439,NULL,'2011-07-10 04:01:39','2001-11-28 09:32:14'),(16,16,16,'Magnam quaerat consequuntur iure aut sit autem. Porro tenetur sit nihil unde voluptatem et nisi.','beatae',0,NULL,'1978-04-09 21:15:05','1977-09-09 00:06:15'),(17,17,17,'Sit consequatur voluptates repellendus distinctio. Sed facere dolorem dolorum error laudantium nobis nobis. Quae accusantium quia doloribus quae qui porro vel.','sit',874825,NULL,'1997-02-25 14:38:02','2015-11-15 23:38:47'),(18,18,18,'Ipsum et animi dolorum aperiam similique pariatur. Qui facere a earum. Ut pariatur odio tempore.','non',7321,NULL,'2017-08-27 07:50:49','1990-11-02 00:52:29'),(19,19,19,'Qui velit accusantium voluptas consequatur. At exercitationem repellendus vel quia. Et ea repudiandae maxime voluptatum saepe reiciendis laudantium sit.','voluptates',427427,NULL,'1986-01-24 15:21:02','2017-01-15 03:38:43'),(20,20,20,'Accusantium sit aut eos molestias odio rerum et a. Voluptates et neque fuga non facere quo iste. Temporibus quam enim tempora.','et',4738,NULL,'2007-11-11 06:35:14','2004-02-23 18:39:24'),(21,21,21,'Sed et commodi dolorum nobis optio quos et optio. Autem veniam omnis dolorum quia eligendi aut. Voluptatem numquam pariatur non expedita enim voluptatem nihil vero. Architecto ad sed qui facilis quod. Reiciendis animi enim minus doloribus iure.','rerum',694499578,NULL,'1993-07-13 08:06:03','1979-02-03 16:36:39'),(22,22,22,'Qui iusto temporibus dolorem aut. Ullam expedita dolores accusamus enim veritatis doloribus. Consequatur temporibus dolorem deserunt nihil accusantium.','velit',16,NULL,'2009-12-19 22:42:58','1978-08-31 08:40:59'),(23,23,23,'Fuga aliquam id doloremque repellat maxime magnam. Placeat voluptas minima accusamus consequuntur.','reprehenderit',331,NULL,'2018-06-24 02:36:20','1971-05-16 04:34:29'),(24,24,24,'Ea totam sequi illo hic provident id voluptatum. Natus quisquam soluta voluptatem et optio. Qui qui quidem quia culpa.','non',880406465,NULL,'1995-10-11 19:26:55','2016-03-21 17:17:49'),(25,25,25,'Minus unde quia quia. Quas alias eius sunt nihil delectus et enim. Accusantium officiis id odit ut excepturi non delectus.','nam',8,NULL,'1983-11-17 05:44:57','2011-05-18 23:56:48'),(26,26,26,'Ducimus a fuga eos voluptatibus porro error. Recusandae quia impedit a sint et eius maiores. Suscipit molestiae deleniti dolorem mollitia quisquam. Saepe aperiam quod deserunt quia magnam soluta est.','qui',243944,NULL,'1987-05-29 18:00:33','2020-12-24 12:36:08'),(27,27,27,'Velit alias ut ut harum voluptates. Sit dolores placeat odio explicabo qui quaerat et. Error exercitationem aliquid id quis est minima. Corrupti molestiae soluta et possimus.','ipsa',694101,NULL,'1994-04-04 18:10:23','1980-11-25 19:57:55'),(28,28,28,'Alias nulla exercitationem qui cupiditate repellendus facere. Repudiandae aliquid rerum illo optio nisi. Rerum veniam laboriosam provident voluptas eos tempora. Autem vitae aut provident doloribus voluptatum commodi.','saepe',0,NULL,'2010-01-24 15:06:58','1993-03-26 04:23:59'),(29,29,29,'Accusantium dicta ut eos saepe sint nobis incidunt. Repellendus doloribus doloremque provident et odio temporibus quo. Dicta quae laborum veritatis vero.','non',0,NULL,'2017-09-18 18:24:02','2020-05-04 01:00:34'),(30,30,30,'Quos beatae blanditiis autem consequatur. Inventore fugit assumenda porro saepe minima sit officia. Quam vel dolores minus consequuntur consequatur eum atque.','sunt',7177,NULL,'2001-05-30 08:33:58','1989-10-26 04:05:50'),(31,31,31,'Provident beatae dolores totam fugit veritatis. Dicta incidunt quo mollitia. Nesciunt occaecati quam vel rerum qui.','accusantium',758350526,NULL,'1985-02-18 07:07:41','1999-03-27 15:01:13'),(32,32,32,'Quia dolore fugit est et deserunt voluptas. Consectetur vero quisquam molestiae. Maiores delectus architecto aliquam qui. Expedita molestiae est molestiae enim quod consectetur quo quis.','aut',127,NULL,'1971-04-29 21:45:45','2018-09-14 18:16:38'),(33,33,33,'Eveniet impedit autem ex recusandae iste possimus. Et cumque dolores asperiores repudiandae. Eos mollitia est dolores qui quos.','minus',70,NULL,'2003-01-24 10:07:37','2015-02-19 06:24:13'),(34,34,34,'Nesciunt nostrum dolores nobis. Voluptatem laborum cupiditate modi officiis autem vero animi. Sed aut et quis aut assumenda natus est blanditiis. Similique et eos possimus officia.','consequatur',301923,NULL,'1979-11-26 18:25:00','2006-10-13 04:08:47'),(35,35,35,'Et ipsam id delectus mollitia sed excepturi. Molestiae optio perferendis voluptate.','delectus',50,NULL,'2020-06-09 23:33:44','1985-12-31 12:56:37'),(36,36,36,'Impedit voluptatem natus itaque sint eos sequi aliquam. Sit a dolorem assumenda velit. Facilis qui voluptate nesciunt eum neque.','doloremque',0,NULL,'1977-02-18 08:45:17','2015-04-30 20:37:05'),(37,37,37,'Vel at ut in dolore illum ipsam qui. Illo ratione voluptas quia tempore dolore est laudantium quos. Libero veniam minima et consequatur sed consectetur. Facere cupiditate asperiores ea non officia sed illo.','atque',17,NULL,'1973-05-04 11:05:03','1997-12-28 12:04:38'),(38,38,38,'Sit cupiditate placeat neque. Odit eum impedit sit laudantium quia sed. Illum dolorem nisi atque.','est',5998742,NULL,'2000-02-04 14:30:57','2005-04-09 14:30:42'),(39,39,39,'Minus quam ducimus temporibus fugiat eius ut. Beatae maiores necessitatibus beatae dolorem. Eaque ratione reiciendis dolor illo esse explicabo. Reprehenderit fuga minima explicabo.','et',874238,NULL,'1979-08-28 07:55:48','2019-08-12 14:06:19'),(40,40,40,'Eaque suscipit et dolorem accusantium nulla. Magni dolores sint quia tenetur modi animi. Et mollitia neque officia asperiores qui ab.','odio',88270692,NULL,'2004-11-12 19:36:20','2016-01-15 16:13:42'),(41,41,41,'Consequuntur et illum debitis esse ipsam. Ea optio in voluptas odit nobis soluta unde. Voluptate dolores iure quia accusamus. Assumenda consectetur maiores ullam voluptatum quo dignissimos architecto.','et',987,NULL,'2008-03-18 08:15:04','1977-11-09 12:52:35'),(42,42,42,'Quia natus ratione ad esse nihil exercitationem asperiores. Iure quo laboriosam architecto sed in consequuntur et. Unde incidunt deleniti et.','illum',3507,NULL,'1994-04-12 06:20:09','1991-08-11 23:55:22'),(43,43,43,'Molestias natus quia exercitationem iste est. Fugiat quod et possimus in quaerat fugiat similique. Qui et ipsam omnis quibusdam.','incidunt',42294230,NULL,'1972-06-07 22:05:47','1987-02-28 23:25:32'),(44,44,44,'Ducimus quos et consequatur sit distinctio quo ut. Occaecati dicta et harum ut aut non enim. Quos est sequi fugiat unde. Nobis qui pariatur eum alias soluta.','eum',273056,NULL,'2005-12-04 01:56:25','2018-11-06 13:15:57'),(45,45,45,'Officia rem recusandae non error aut inventore error. Maxime nostrum eaque sit molestiae dolores libero. Sunt id blanditiis qui et autem ipsa qui sed.','in',699501,NULL,'1985-04-27 14:37:36','1988-03-26 11:20:44'),(46,46,46,'Minima qui velit est ratione. Sunt sit qui nesciunt et. Libero incidunt ea occaecati suscipit. Distinctio excepturi quis autem autem iusto voluptate.','ipsam',419,NULL,'2010-09-30 23:53:27','1993-10-03 11:49:08'),(47,47,47,'Facere in dignissimos velit est. Labore atque accusantium consequatur assumenda quidem quidem sint. Eos aut deleniti quasi pariatur suscipit quia aut.','fugiat',15350,NULL,'2020-12-21 06:05:37','2002-07-12 04:39:14'),(48,48,48,'Nobis nam corporis molestiae. Autem aliquid recusandae et deleniti tempore laudantium laborum. Labore non suscipit in aut doloribus qui.','quaerat',0,NULL,'1974-07-21 06:54:22','1982-01-23 13:51:56'),(49,49,49,'Aut molestiae id sit et nostrum et voluptatum. Eum dolores corrupti est veritatis. Maiores earum ut sunt nam deleniti et et. Sunt ratione omnis enim quam.','nulla',993812,NULL,'2014-07-13 01:11:20','2013-04-19 23:16:36'),(50,50,50,'Enim odio omnis mollitia adipisci. Sequi expedita magnam quae consequatur. Mollitia architecto quidem nobis quam qui. Fugiat sit impedit id id. Culpa eaque nemo sit dolorem sint et aut.','quia',980219,NULL,'2004-07-11 12:10:38','1993-02-07 15:39:12'),(51,51,51,'Possimus illum voluptatem eligendi incidunt dolore eum blanditiis iure. Sunt ex ullam quo voluptas neque. Numquam doloremque repellat similique commodi sit non inventore. Non nemo dolores nihil rem.','a',804211681,NULL,'2002-03-02 07:57:10','1975-04-30 22:57:13'),(52,52,52,'Sint dolor nisi itaque iure tempora iusto. In numquam quibusdam quidem illo dolores. Accusamus quisquam aut quo minima hic tempora quod.','rerum',5850836,NULL,'2014-08-29 17:18:40','2013-10-21 21:39:55'),(53,53,53,'Eos quia odit nulla nihil. Est totam eius officia reiciendis voluptas quibusdam.','qui',747133,NULL,'1976-12-27 07:47:56','2000-03-08 18:50:53'),(54,54,54,'Aut provident ipsam earum maxime sint ratione saepe. Labore consequuntur laborum omnis consequatur nobis facere aut accusantium.','animi',9131,NULL,'2018-02-06 21:24:46','2005-02-26 13:36:27'),(55,55,55,'Dolorum perspiciatis et sit et delectus amet dicta nam. Molestiae rem voluptatibus velit recusandae. Deleniti consequatur et similique voluptas beatae officiis dolorem. Similique voluptas ut libero necessitatibus sed quaerat corporis.','nisi',17855018,NULL,'2015-12-20 07:51:34','2002-01-31 04:50:21'),(56,56,56,'Libero enim voluptas quos cum non. Voluptas ea nihil saepe odit cupiditate aliquid vitae a. Eos sed expedita debitis ipsam ea quis. Exercitationem itaque assumenda aut itaque.','provident',81154187,NULL,'2019-05-29 03:00:50','2009-04-03 15:58:13'),(57,57,57,'Enim et nisi enim ut voluptatem et totam. Accusamus ipsam omnis qui voluptatum ipsam adipisci. Sunt harum et et laudantium repellat. Ut cum inventore accusantium non sapiente temporibus iure. Consequatur minima nihil et est quae.','suscipit',39,NULL,'2000-03-11 20:35:34','2018-06-09 05:36:02'),(58,58,58,'Voluptatibus doloremque architecto laboriosam quia. Error rerum occaecati similique expedita aut assumenda. Magnam assumenda velit totam rerum magnam reprehenderit.','id',6390047,NULL,'1994-11-23 11:59:13','2006-12-13 07:20:23'),(59,59,59,'Corporis ex aut est et. Ipsum est sed ipsum iure laborum. Laboriosam suscipit deserunt eum quis est quo.','magni',17974786,NULL,'2008-08-14 03:58:45','1978-10-12 11:53:53'),(60,60,60,'Doloremque voluptatem mollitia iste quia nobis. Nihil rerum laudantium quas consequuntur ea. Qui numquam repellendus placeat minima delectus dolor. Amet ex vero veniam labore aut aperiam fuga.','voluptatum',482,NULL,'2006-12-18 04:44:23','2002-09-09 12:20:51'),(61,61,62,'Dolor consectetur qui dolores cumque mollitia id voluptatem. Itaque nesciunt tempore a quibusdam. Ipsa maiores consequatur vel maiores voluptatibus optio. Aperiam accusantium quia dolor possimus asperiores. Molestiae neque sequi atque vel amet exercitationem fuga.','dolor',4276,NULL,'2008-06-13 16:05:57','2009-01-06 08:05:34'),(62,62,63,'Nisi aut qui consequatur facere. Amet veniam fugiat ut illum est magni aut. Reprehenderit reprehenderit dolores ut et. Sit odio sunt et et rerum.','error',963,NULL,'2006-03-28 10:08:39','1979-01-21 10:43:59'),(63,63,64,'Nobis commodi blanditiis aut fugit ad. At fugit et alias voluptas. Suscipit corporis numquam quo repellat assumenda omnis. Vitae et dolorem iusto deserunt nesciunt debitis.','nihil',982938197,NULL,'1973-08-12 18:04:54','2005-06-07 17:26:31'),(64,64,65,'Numquam suscipit consequatur maiores ut qui omnis sit. Pariatur nihil hic eaque soluta.','eligendi',638,NULL,'1989-04-22 06:47:10','1983-12-25 21:24:36'),(65,65,66,'Et fuga nemo suscipit id repudiandae ullam eos laudantium. Dolor tempore expedita rerum corrupti modi et esse.','id',94168868,NULL,'1993-06-08 12:52:41','1982-08-30 12:44:53'),(66,66,67,'Et omnis non corporis repudiandae provident mollitia. Molestiae dolores qui qui dolor occaecati similique. Incidunt quos veniam ipsa.','ipsam',62349,NULL,'2009-12-28 07:38:20','2015-12-24 16:14:28'),(67,67,68,'Sunt possimus officiis sed velit. Accusamus quas pariatur perferendis eius dignissimos est tenetur quia. Cupiditate magnam esse ullam quisquam quis dolor voluptatum itaque. Quia ratione quia aut dolorum repellat. Ullam repellat sed et reiciendis.','nostrum',0,NULL,'1981-04-23 14:37:42','2005-12-13 20:40:44'),(68,68,69,'Corporis et in eveniet unde quis qui. Sint sint excepturi nihil consequatur. Modi exercitationem et maxime illum ea iure eum reprehenderit. Temporibus magnam ut in provident.','qui',274193485,NULL,'1996-02-08 18:02:30','2013-06-01 12:57:18'),(69,69,70,'Est deserunt ut voluptates velit. Accusamus velit beatae et nisi et et dolorum. Et doloribus rerum sed odio.','corporis',678040560,NULL,'1979-12-27 23:52:56','2014-08-31 20:21:58'),(70,70,71,'Tempora est debitis iste explicabo impedit. Sit sunt et ut aliquid in magnam. Sint ut culpa et voluptatem. Illum veniam harum asperiores repellat ipsum ab reprehenderit. Velit soluta aperiam quis quod.','placeat',9,NULL,'1991-07-07 06:17:03','1970-03-11 01:49:50'),(71,71,72,'Id et ullam culpa voluptas placeat. Officia accusantium et dolorem asperiores omnis aut. Ea iusto tempora porro beatae non quisquam officiis.','iste',31,NULL,'2006-06-10 08:32:31','2014-09-10 12:12:51'),(72,72,73,'Consectetur sed quia mollitia qui sunt culpa saepe. Voluptas veniam soluta voluptas perferendis neque. Eos eos quis et. Animi expedita perspiciatis quas consectetur itaque.','tenetur',8877,NULL,'2003-10-20 22:49:35','2004-01-20 21:43:32'),(73,73,74,'Impedit id enim a aut voluptate quibusdam eveniet. Earum est et reprehenderit vel molestiae consequuntur aperiam magni.','eveniet',29745423,NULL,'1999-09-22 13:17:01','1992-02-13 14:33:33'),(74,74,75,'Aspernatur beatae voluptatem minima rerum porro. Et non quisquam rerum reiciendis praesentium nisi suscipit dolore. Atque quidem dolores minus laboriosam.','explicabo',0,NULL,'1982-07-12 11:27:17','1991-07-04 22:02:34'),(75,75,76,'Et eos velit reiciendis velit nulla voluptates nobis. Sed eius mollitia et quisquam voluptatum. Dolores culpa voluptas necessitatibus quaerat quidem. Nemo mollitia et quae in.','facilis',93,NULL,'1980-08-09 12:45:31','2003-01-17 22:57:33'),(76,76,77,'Enim aut dolores autem molestiae laboriosam. Voluptatem sit occaecati doloremque quas. Similique hic voluptas expedita necessitatibus cumque repudiandae sint.','in',22960,NULL,'1992-10-01 19:25:28','2006-07-10 11:56:11'),(77,77,80,'Molestiae sit et deleniti natus qui. Praesentium nam non dolorem eum magnam qui quod enim.','officiis',252,NULL,'2007-04-19 09:38:21','2014-03-31 14:36:39'),(78,78,82,'Perferendis odit ut eos ut consequatur qui. Aperiam sit dolores beatae facilis assumenda. Consequatur quia consequatur deleniti omnis quaerat eum.','enim',25,NULL,'1991-08-22 15:16:32','2000-06-26 21:33:51'),(79,79,83,'Atque quia id omnis autem. Voluptates quibusdam velit quaerat sapiente sequi autem omnis. Ea earum nemo facilis sed culpa.','ut',6778089,NULL,'2001-03-17 20:00:06','1993-06-05 01:45:19'),(80,80,84,'Omnis dolore aut et consequatur sunt explicabo consequatur. Sed et dignissimos quidem ratione expedita. Quia quidem ipsa nihil. Debitis placeat architecto quas omnis est aliquam suscipit.','ad',7026,NULL,'1988-05-05 12:39:56','1985-10-07 20:29:57'),(81,81,85,'Ducimus quisquam repudiandae ea repellendus tenetur placeat. Et nemo itaque corporis voluptate numquam. Dolor officiis quo cupiditate quisquam numquam repellendus id molestiae. Alias tempore quis quas molestiae id.','rem',1,NULL,'1984-08-14 07:19:14','2014-10-05 08:29:51'),(82,82,86,'Explicabo perferendis molestiae magni quibusdam recusandae. Cupiditate odit voluptatem at ea voluptas inventore. Corrupti laudantium id optio. Aut sed quia deserunt molestias dignissimos.','dolores',9,NULL,'2018-11-20 08:41:32','1975-07-23 01:07:36'),(83,83,87,'Ut et et tenetur delectus. Dolores sit velit molestiae mollitia. Quaerat nemo nam minus qui dolor. Est dolor excepturi excepturi quod deleniti.','dolorem',40562,NULL,'2007-06-15 00:55:51','1974-12-14 05:31:57'),(84,84,88,'In corrupti amet dignissimos possimus debitis repellendus omnis. Rerum explicabo ea cum. Hic et perferendis deleniti quam pariatur temporibus aut. Eum voluptatem esse quam molestiae eos omnis ab ut.','eligendi',123500498,NULL,'1978-06-27 15:10:12','1972-02-08 19:25:26'),(85,85,89,'Est exercitationem eum numquam magnam. Molestiae quia et ipsa consequatur maiores possimus molestiae. Sed est nam non adipisci aut eos eos hic.','aut',2,NULL,'1986-03-12 02:33:31','1992-04-16 22:37:59'),(86,86,90,'Qui repellendus quos rerum laudantium fuga. Quia aut minima voluptas consequuntur voluptates est exercitationem ad. Et nobis doloremque odio provident similique temporibus. Voluptas omnis nam possimus excepturi.','ea',9,NULL,'2017-09-15 21:31:21','1970-11-23 00:07:39'),(87,87,91,'Deserunt sit ipsa odio sequi voluptas quis. Deserunt optio consequatur ut harum atque quasi. Tenetur molestiae blanditiis deleniti. Ea molestiae ullam accusantium ratione.','alias',9845649,NULL,'1982-07-15 14:04:48','1981-04-24 23:18:33'),(88,88,92,'Asperiores aut qui et nisi provident saepe velit. Reiciendis molestiae repellat et. Dignissimos qui magni dolorem est placeat amet.','iure',996,NULL,'1981-01-30 22:21:17','1991-01-28 23:54:35'),(89,89,93,'Et qui laudantium minima totam et. Minima voluptates aspernatur cumque dolorum. Molestias est soluta saepe facilis aut possimus. Inventore nostrum vero officia eos.','atque',80,NULL,'1989-08-24 20:44:56','1998-09-16 15:08:14'),(90,90,94,'Enim veritatis nihil ex ducimus. Iusto aut quo aut nostrum rerum tenetur est et. Autem excepturi consectetur ipsum omnis saepe. Nihil omnis quo nihil aut voluptates neque repellat.','nostrum',78289,NULL,'1993-05-04 19:31:28','1976-07-15 06:55:55'),(91,91,95,'Eveniet dolor odit est nostrum error quis. Nihil rem excepturi dolorem laudantium et. Omnis aut exercitationem odio eos expedita explicabo ut.','est',243650543,NULL,'1997-07-27 22:04:19','1970-12-26 21:05:50'),(92,92,96,'Doloremque aliquam ab iure aut consequatur odio alias aut. Eligendi quis ab nostrum deserunt excepturi itaque doloribus laudantium. Ut voluptate assumenda minus iste enim sit vero. Voluptate libero temporibus est praesentium in.','debitis',3,NULL,'1972-01-05 15:24:19','1980-09-13 03:22:25'),(93,93,97,'Voluptatibus vero voluptatem qui suscipit provident. Placeat sit est eos fuga. Et accusamus sunt deserunt mollitia placeat sint accusantium. Eligendi voluptates quaerat ipsum cupiditate animi adipisci.','et',36729,NULL,'2013-02-01 05:19:45','2009-12-25 20:28:17'),(94,94,98,'Est minima doloribus eos labore amet. Voluptatem rem mollitia cumque qui soluta sint beatae. Modi enim rem dolores nostrum. Rerum pariatur ipsa at nobis ab nemo ut tempore.','beatae',85503,NULL,'1973-01-05 05:34:55','2017-07-13 06:56:49'),(95,95,99,'Eligendi nam impedit voluptatem distinctio. Explicabo porro quas quasi nam ut. Aut voluptas perspiciatis magnam ipsum voluptates. Nisi eum sint a qui magnam enim architecto. Autem asperiores dolore et et tempore aliquam fuga.','quis',421555,NULL,'2017-08-05 18:30:11','2012-02-27 08:02:33'),(96,96,100,'Dolor incidunt tempore et vitae culpa. Facere quae quaerat repudiandae velit cum enim. Eum aspernatur ipsam explicabo aut ipsum. Officia fuga aut officia.','non',87,NULL,'2002-07-10 02:11:46','2003-01-05 12:35:11'),(97,97,101,'Corrupti qui qui modi et ducimus. Enim et est optio possimus. Aut itaque et consectetur amet quisquam. Iusto voluptatum consequatur et eum dolorem.','omnis',730254387,NULL,'2011-05-11 13:26:57','1987-06-03 15:55:37'),(98,98,102,'Eum provident quaerat doloremque qui eius ullam necessitatibus rerum. Nisi occaecati praesentium natus velit. Inventore corporis soluta ullam possimus laudantium non.','ad',0,NULL,'2011-04-26 21:24:48','1992-08-10 15:40:32'),(99,99,103,'Aut quia ut ut nam incidunt consequatur. Aut ipsam nesciunt unde deleniti eligendi est.','ea',17590,NULL,'1980-02-07 18:30:12','1990-03-03 16:55:49'),(100,100,104,'Quia delectus ratione sapiente ad recusandae repudiandae. Provident consequuntur quia quod nobis laudantium. Doloribus quod qui asperiores pariatur quae labore iure omnis. Dolore voluptatibus sunt illo consequatur.','harum',231689,NULL,'2004-09-20 13:26:44','2000-01-29 00:22:53');
/*!40000 ALTER TABLE `media` ENABLE KEYS */;
UNLOCK TABLES;

--
-- Table structure for table `media_types`
--

DROP TABLE IF EXISTS `media_types`;
/*!40101 SET @saved_cs_client     = @@character_set_client */;
/*!50503 SET character_set_client = utf8mb4 */;
CREATE TABLE `media_types` (
  `id` bigint(20) unsigned NOT NULL AUTO_INCREMENT,
  `name` varchar(255) DEFAULT NULL,
  `created_at` datetime DEFAULT CURRENT_TIMESTAMP,
  `updated_at` datetime DEFAULT NULL ON UPDATE CURRENT_TIMESTAMP,
  UNIQUE KEY `id` (`id`)
) ENGINE=InnoDB AUTO_INCREMENT=101 DEFAULT CHARSET=utf8;
/*!40101 SET character_set_client = @saved_cs_client */;

--
-- Dumping data for table `media_types`
--

LOCK TABLES `media_types` WRITE;
/*!40000 ALTER TABLE `media_types` DISABLE KEYS */;
INSERT INTO `media_types` VALUES (1,'quis','1982-09-20 08:49:34','1978-12-29 23:55:19'),(2,'tempora','2019-08-04 14:34:39','1999-03-16 19:56:41'),(3,'ut','1997-01-27 22:07:34','1978-05-31 12:04:33'),(4,'soluta','1984-07-17 10:14:30','1993-08-30 17:42:05'),(5,'vel','2006-01-12 14:31:26','2002-02-06 04:53:40'),(6,'in','1980-10-19 01:29:25','1977-05-11 14:51:06'),(7,'quae','1984-07-15 02:07:42','2007-07-22 20:55:18'),(8,'tempora','2014-08-17 04:30:20','1994-02-18 19:15:21'),(9,'dolorum','2008-01-03 18:53:52','2017-04-26 18:45:26'),(10,'voluptates','1994-12-14 06:18:33','2003-10-17 21:39:03'),(11,'reprehenderit','1974-11-20 06:56:16','1982-06-21 11:13:33'),(12,'aut','1991-11-16 05:26:39','2004-01-16 20:22:18'),(13,'commodi','2010-04-19 05:30:55','2011-02-26 11:08:22'),(14,'vitae','1999-03-15 18:10:14','1977-11-18 17:44:12'),(15,'explicabo','1986-01-21 08:35:08','1987-09-09 11:07:44'),(16,'maxime','2004-12-04 09:32:43','1981-06-17 12:41:38'),(17,'nostrum','1982-11-25 04:15:42','1997-02-10 00:54:58'),(18,'amet','2016-09-20 09:00:46','2007-11-12 20:48:05'),(19,'voluptas','1982-05-06 05:59:25','2013-08-30 20:30:36'),(20,'ut','2019-07-31 08:47:53','1999-04-27 21:25:35'),(21,'totam','2001-02-07 13:46:55','1978-10-20 11:58:39'),(22,'officia','1987-11-25 19:17:11','1991-10-19 16:59:04'),(23,'itaque','1985-12-25 16:26:07','1978-02-19 02:18:22'),(24,'sint','1981-06-26 19:15:52','2008-10-28 15:34:47'),(25,'aliquam','1996-11-23 18:16:45','2004-10-16 05:01:31'),(26,'non','2015-12-31 07:39:03','1999-05-14 22:09:14'),(27,'hic','1983-03-06 02:42:24','2017-12-31 21:23:08'),(28,'libero','2012-05-31 06:16:35','1985-01-12 03:26:30'),(29,'aliquid','1983-01-19 21:32:13','1996-08-29 07:01:42'),(30,'saepe','1975-04-22 08:11:57','1992-07-13 12:26:47'),(31,'consequatur','1972-03-08 22:20:20','1996-05-14 08:42:04'),(32,'autem','2011-08-10 06:52:28','1995-09-08 17:57:43'),(33,'eveniet','2019-06-05 01:38:50','1999-02-05 11:43:34'),(34,'dolores','2001-04-05 10:03:07','1987-08-31 11:31:23'),(35,'rerum','1973-07-04 21:03:10','1994-02-01 09:28:08'),(36,'ea','2012-07-02 07:35:35','2020-09-12 06:35:18'),(37,'minus','1987-11-25 16:25:15','1979-09-29 07:50:50'),(38,'doloremque','1981-12-12 23:11:50','1973-12-25 19:06:57'),(39,'ea','2012-03-21 03:14:02','2010-09-22 00:47:16'),(40,'sed','1973-01-04 15:03:02','1978-08-11 03:43:19'),(41,'adipisci','2001-07-06 06:23:58','1993-01-06 01:02:19'),(42,'voluptas','1991-12-12 07:04:33','2000-10-29 04:48:37'),(43,'eligendi','1993-07-20 08:04:29','1992-08-12 08:04:10'),(44,'harum','2007-01-07 08:17:49','1994-12-15 17:23:23'),(45,'optio','1992-02-24 07:53:56','1989-05-25 09:35:39'),(46,'quasi','1978-10-16 17:08:18','2001-01-11 23:29:48'),(47,'ex','1972-07-13 02:26:46','2004-12-08 01:52:48'),(48,'saepe','1986-08-21 13:05:35','2018-03-18 06:00:18'),(49,'fugiat','1981-10-05 21:12:36','2001-02-19 03:16:17'),(50,'illo','1982-10-13 17:46:25','1990-06-11 19:24:07'),(51,'nam','2016-01-13 11:36:46','2001-04-11 21:40:23'),(52,'expedita','2007-05-17 16:56:43','1988-06-23 12:04:54'),(53,'quasi','1994-04-21 08:19:39','1998-12-30 10:49:59'),(54,'consequatur','1974-11-07 22:49:00','1992-07-15 10:13:31'),(55,'optio','2019-11-25 01:14:01','2017-06-12 06:34:41'),(56,'ad','1981-03-15 22:27:06','2015-12-29 18:30:19'),(57,'maxime','1988-02-21 16:49:51','1988-05-20 08:09:11'),(58,'et','1994-02-07 08:06:25','1992-11-09 11:16:41'),(59,'qui','2000-12-19 00:00:26','1985-03-10 11:23:34'),(60,'et','1976-11-30 19:28:11','1993-07-19 18:29:02'),(61,'odit','1984-03-19 09:34:27','2012-07-06 21:25:18'),(62,'non','1970-06-04 05:19:04','1973-02-02 13:07:56'),(63,'vitae','1975-06-21 10:56:15','2018-01-31 15:19:43'),(64,'a','2009-10-03 17:00:08','1991-06-12 18:05:50'),(65,'eius','1985-01-20 13:51:55','1979-11-18 16:54:12'),(66,'consequuntur','1999-02-10 23:17:32','2017-04-26 12:59:45'),(67,'blanditiis','1997-02-28 00:23:06','2020-10-11 23:56:25'),(68,'harum','2001-02-16 05:30:05','1973-08-11 05:07:06'),(69,'quam','1997-04-22 20:57:13','2013-01-11 03:00:10'),(70,'in','2007-04-07 08:03:53','2003-08-21 09:05:37'),(71,'atque','2012-07-25 06:57:33','1974-06-13 02:17:06'),(72,'beatae','1973-07-06 15:34:30','1981-08-26 06:45:27'),(73,'corporis','1973-10-10 22:36:49','2016-07-17 23:01:10'),(74,'dolorem','1996-05-12 18:13:59','1971-01-17 03:19:06'),(75,'sint','2019-01-15 14:26:34','1974-03-09 18:41:45'),(76,'corrupti','2012-08-15 06:52:11','1989-01-26 22:53:03'),(77,'est','2003-03-27 12:11:11','2017-06-25 01:58:42'),(78,'perferendis','2000-09-03 10:00:03','1995-05-10 00:34:11'),(79,'ab','1981-01-09 01:20:33','2001-10-19 10:34:18'),(80,'voluptas','2001-12-24 09:08:51','1976-03-26 03:26:58'),(81,'praesentium','2009-06-14 17:10:05','2003-03-21 17:19:31'),(82,'excepturi','2014-09-23 17:18:22','2015-05-20 23:55:36'),(83,'tempora','1994-04-04 21:19:10','1972-08-20 16:46:34'),(84,'assumenda','2000-01-06 02:42:09','2014-09-07 11:44:35'),(85,'laudantium','1978-07-11 08:36:13','1990-04-26 20:23:52'),(86,'facilis','1972-11-17 01:41:39','1982-12-22 19:12:12'),(87,'eos','1997-08-20 08:04:30','2002-12-23 21:09:20'),(88,'sint','1982-02-22 05:11:47','2014-09-23 10:26:26'),(89,'voluptas','1971-05-30 22:21:24','1972-10-04 07:51:58'),(90,'dolores','1972-03-11 17:12:37','1995-07-28 22:06:11'),(91,'inventore','1975-08-16 22:06:08','1990-11-08 06:56:46'),(92,'et','1995-10-02 02:45:27','2001-01-14 03:54:48'),(93,'et','1990-10-21 19:47:29','1995-04-08 04:04:37'),(94,'sit','2002-12-20 21:22:43','2015-12-29 09:40:09'),(95,'eum','2004-11-14 18:19:41','1975-06-29 18:19:48'),(96,'velit','2003-09-15 05:41:47','1989-02-24 19:21:44'),(97,'minus','1997-11-09 00:22:04','2018-05-04 14:40:45'),(98,'minus','2014-04-29 21:19:01','1986-02-05 03:56:46'),(99,'hic','1997-05-19 05:59:55','2018-11-23 16:20:17'),(100,'rerum','2007-06-09 07:56:31','1985-03-01 03:23:01');
/*!40000 ALTER TABLE `media_types` ENABLE KEYS */;
UNLOCK TABLES;

--
-- Table structure for table `messages`
--

DROP TABLE IF EXISTS `messages`;
/*!40101 SET @saved_cs_client     = @@character_set_client */;
/*!50503 SET character_set_client = utf8mb4 */;
CREATE TABLE `messages` (
  `id` bigint(20) unsigned NOT NULL AUTO_INCREMENT,
  `from_user_id` bigint(20) unsigned NOT NULL,
  `to_user_id` bigint(20) unsigned NOT NULL,
  `body` text,
  `created_at` datetime DEFAULT CURRENT_TIMESTAMP,
  UNIQUE KEY `id` (`id`),
  KEY `from_user_id` (`from_user_id`),
  KEY `to_user_id` (`to_user_id`),
  CONSTRAINT `messages_ibfk_1` FOREIGN KEY (`from_user_id`) REFERENCES `users` (`id`),
  CONSTRAINT `messages_ibfk_2` FOREIGN KEY (`to_user_id`) REFERENCES `users` (`id`)
) ENGINE=InnoDB AUTO_INCREMENT=98 DEFAULT CHARSET=utf8;
/*!40101 SET character_set_client = @saved_cs_client */;

--
-- Dumping data for table `messages`
--

LOCK TABLES `messages` WRITE;
/*!40000 ALTER TABLE `messages` DISABLE KEYS */;
INSERT INTO `messages` VALUES (1,1,2,'Voluptas nemo aspernatur quaerat et nihil. Iure accusantium adipisci molestias illo animi vero rerum. Laborum deleniti porro sed rem eligendi qui et commodi.','2009-04-08 07:15:05'),(2,4,2,'Sed ad eum ut voluptatem corrupti officia qui. Necessitatibus iure rerum repudiandae inventore sint.','2011-10-09 21:33:00'),(3,5,2,'Dolores earum aliquam eos sit ut possimus. Dolorum iste hic ipsam ipsa voluptatum praesentium voluptate. Distinctio dolore qui quisquam asperiores nulla et quaerat. Quibusdam dignissimos aut quia consequuntur aut.','1977-12-19 05:43:48'),(4,7,2,'Commodi veritatis consequatur et vero odio dicta fuga. Eius eum et reiciendis cum. Aut officia sed porro in nobis. Est ipsa eius sunt ratione et et.','2001-06-17 00:36:02'),(5,8,2,'Accusamus excepturi qui ut aliquam suscipit eligendi. Voluptatem deleniti dolorem doloribus saepe laudantium quidem.','1976-03-31 07:02:05'),(6,9,2,'Id ex suscipit enim corrupti ipsa earum. Dolor culpa assumenda molestiae. Debitis eaque ullam eos aut doloribus fuga. Ex neque unde accusamus deserunt modi quis.','1972-07-18 05:55:22'),(7,10,2,'Expedita et reiciendis dignissimos nihil. Et quia alias voluptatem atque. Occaecati et tempore autem eius incidunt. Eius quas sed maxime hic ducimus quaerat.','1988-08-27 06:47:09'),(8,11,2,'Dolor error consequatur est iste molestiae. Molestiae qui incidunt eum sit adipisci recusandae temporibus. Officiis expedita ad quasi in facere consequuntur. Aliquam et amet perferendis iste doloribus quidem sunt doloribus. Ut et vel beatae aut rerum.','2000-02-29 15:27:30'),(9,12,2,'A ipsa optio est aperiam iste est vero. Asperiores maiores voluptatem adipisci qui reiciendis aut. In eum tempora praesentium aut eius quia doloribus aut.','2008-09-12 07:23:23'),(10,13,2,'Natus sequi ipsam aut nostrum voluptatem fugit consequuntur. Alias aut et ipsa est. Numquam a perferendis et eum dignissimos non.','1975-03-09 01:46:32'),(11,14,2,'Consectetur quo atque placeat. Laboriosam dolorem possimus facere. Et omnis expedita illum corrupti. Repudiandae cum optio ab veniam at aut dolores.','1979-04-19 11:20:39'),(12,15,2,'Eos voluptates qui earum modi et. Maxime dicta labore dolorem eveniet perspiciatis unde magni. Quidem id sequi sunt autem vel voluptatem. Delectus nam non accusamus et quo et sint. Expedita necessitatibus dicta odio tempore ut et.','1988-10-16 22:21:44'),(13,16,2,'Deleniti perferendis cupiditate quae fuga. Fugiat rerum qui ab earum dolorum. Rem non magni eos ut.','2010-01-31 13:41:17'),(14,17,2,'Iusto minus laudantium nostrum aliquam et. Unde animi porro magni. Fugiat magnam commodi et eum cum. Repellat ut debitis fuga rerum.','2012-03-19 00:23:59'),(15,18,2,'Et repellendus exercitationem quibusdam. Et in quos eveniet aliquam. Omnis non voluptatem quia aut.','2008-10-29 12:16:29'),(16,19,2,'Accusamus quam et quam optio rerum excepturi. Facilis eum aut doloremque. Atque et aliquid qui autem.','2020-01-05 02:48:16'),(17,20,2,'Minus quidem natus placeat quis alias. Cupiditate ut voluptatem ratione dicta earum quidem. Illum error sed et repellendus delectus aut. Id praesentium quia qui aut.','2008-07-07 01:07:36'),(18,21,2,'Labore dolore ut quia maiores. In earum voluptatem ea reprehenderit labore quo. Eligendi cum sed quia quo laudantium sunt reprehenderit.','1993-09-28 21:31:00'),(19,22,2,'Omnis voluptatum rerum non molestias architecto eveniet aut. Quod excepturi sunt aut accusantium id. Est quibusdam laborum deserunt aut. Architecto nesciunt amet dolores.','2019-02-01 05:17:55'),(20,23,2,'Dolor eius qui ducimus dolorem. Eos sequi sint ut ipsam est.','1998-06-06 07:30:32'),(21,24,2,'Aut quasi modi explicabo error. Veritatis illo enim dolorum ut deleniti.','1990-07-06 20:32:02'),(22,25,2,'Rem praesentium eos nihil voluptas dolor rerum quae. Est rerum deleniti ratione animi nihil accusamus nesciunt. Et molestiae id ut esse.','1970-01-28 20:36:16'),(23,26,5,'Reiciendis est aliquid non omnis. Eum sunt dicta odio eum animi omnis eum laudantium. Occaecati voluptas ut voluptatum omnis et sed. Aliquam quis deleniti nihil placeat distinctio vel aut labore.','2008-11-04 19:44:29'),(24,27,5,'Unde et et qui et ipsam. Animi impedit voluptate similique et ut odio et. Et voluptatem odit excepturi at voluptatem saepe asperiores.','2011-05-08 13:59:21'),(25,28,5,'Quae sint temporibus sed molestiae fuga eos magnam. Placeat harum quod ullam voluptas. Vel placeat ut dolorem consequatur distinctio pariatur.','1983-05-09 10:14:18'),(26,29,5,'Quo dolor qui necessitatibus vel. Aut at occaecati maxime. Vero molestiae eveniet beatae doloribus ut exercitationem.','1977-10-25 12:02:20'),(27,30,5,'Tempora voluptatum et ab quis. Voluptate impedit velit sint non praesentium autem. Magni ducimus quae possimus quas corrupti magni. Qui suscipit quod dolorum qui est cum. Quasi quo voluptatem cum nisi.','2014-07-30 17:27:10'),(28,31,5,'Cum sed ut quo quia reiciendis odit. Nihil est quos ut est. Sequi ut commodi soluta unde.','2013-02-15 15:40:55'),(29,32,5,'Sed sed quis at repudiandae et quisquam nobis quae. Omnis repudiandae et occaecati itaque. Et sed vero fugiat nam nemo alias. In assumenda ut exercitationem.','1981-09-09 18:44:52'),(30,33,5,'Animi in placeat et sunt ab. Delectus ab vitae quia aut qui. Sapiente aut aut nemo earum ipsam.','2000-05-18 22:28:22'),(31,34,5,'Consequuntur porro qui pariatur quas aliquid quia. Ut delectus vel veniam harum et ratione voluptas a. Voluptates sequi optio in exercitationem illo recusandae exercitationem. Quibusdam debitis consequuntur consequuntur placeat assumenda consequatur.','1976-04-24 03:35:52'),(32,35,5,'Iusto quis iure excepturi et nemo aspernatur eum molestiae. Debitis eaque ipsum excepturi magnam voluptatem sunt. Incidunt placeat voluptatum consequatur ut et.','2005-01-03 21:44:59'),(33,36,5,'Quos sint hic qui et est. Fugiat rem sit maiores maxime veritatis consequuntur. Perspiciatis rerum est ut et. Aliquid omnis voluptas dolor quidem quisquam voluptatem qui.','2002-02-17 16:09:34'),(34,37,5,'Veritatis rem ut veniam. Et molestias fuga doloribus dolorum doloribus.','1982-07-22 23:48:06'),(35,38,5,'Inventore inventore error voluptatum dolores quia incidunt odit. Velit sint accusamus nesciunt. Commodi quia possimus tenetur modi et iste autem. Nihil et repellat tenetur suscipit et. Et enim provident voluptas rerum libero id.','1970-11-17 03:19:25'),(36,39,5,'Qui reiciendis sunt temporibus cum. Praesentium ab iusto alias aliquid quisquam est architecto. Perferendis corrupti distinctio labore quidem aut quidem quibusdam. Voluptatibus minima non iure rem.','1996-04-29 12:09:59'),(37,40,5,'Quia minima et porro magnam quia dolor dolor distinctio. Tenetur eos repellat ut delectus rerum commodi reiciendis. Voluptates qui odio pariatur facere omnis.','2019-10-30 22:00:44'),(38,41,5,'Velit voluptas placeat voluptatum adipisci qui ipsa provident. Adipisci fuga tenetur in quos voluptatibus non assumenda. Debitis deleniti cumque neque doloribus et nostrum ea. Quis eligendi voluptatibus qui est.','1978-11-26 01:37:47'),(39,42,5,'Optio ea rerum sunt ut nobis. Quas voluptatem esse provident iure eius. Iusto earum ut reprehenderit illo pariatur corrupti.','2011-05-25 01:09:26'),(40,43,5,'Blanditiis veniam facilis incidunt repellendus accusamus consequatur est. Voluptatem fugit recusandae placeat rerum perspiciatis debitis. Rerum omnis ut reiciendis voluptatem mollitia. Eveniet quia ut itaque dolorum labore sit expedita.','2017-07-22 18:38:18'),(41,44,5,'Aut atque vel illum temporibus quae et nihil. Vero omnis rerum iusto. Est exercitationem omnis aut atque et excepturi non. Consectetur aut quia sit asperiores et consectetur expedita.','1979-03-21 00:30:17'),(42,45,5,'Omnis fugiat officiis laudantium est omnis sint. Autem autem accusamus voluptatem. Enim dolor cumque distinctio sed distinctio. Numquam aliquam ut assumenda est harum adipisci veritatis nobis.','2019-03-17 19:17:30'),(43,46,5,'Corrupti tempore qui earum sed quas expedita. Soluta culpa vel illum dolorem placeat. Ut aliquid recusandae reiciendis cum labore aspernatur.','1982-05-23 10:40:09'),(44,47,5,'Laborum mollitia asperiores ipsum quae perferendis. Earum amet accusamus voluptas. Eaque rem suscipit neque esse alias explicabo.','1999-09-29 21:09:33'),(45,48,5,'Magni et praesentium ab eos modi architecto earum. Enim dicta perferendis qui. Illum et ut voluptatem. Mollitia corporis est ut nesciunt nobis.','2002-05-03 16:31:03'),(46,49,5,'Culpa est dolorem voluptatibus soluta sed non. Praesentium temporibus laudantium enim sint consequatur aut. Illum ad odio veniam excepturi asperiores.','1973-04-11 14:00:21'),(47,50,5,'Ex ipsa fuga repellendus sit. Facere officiis ullam consectetur velit iste. Ad et qui iusto dolorum veniam sit.','2004-08-31 20:01:41'),(48,51,5,'Doloribus quidem maiores aspernatur exercitationem eum. Consequuntur adipisci accusamus dolorem optio minima nesciunt. Culpa voluptatem recusandae sit blanditiis.','2005-06-29 03:38:40'),(49,52,5,'Quo sapiente sapiente voluptas veritatis. Quo facere ad iure dolorum consequatur sit maxime. Aliquid fugiat a quas rem magni illo dolorum fugiat.','2015-08-28 13:29:12'),(50,53,5,'Maiores suscipit eos eos rerum nihil officia temporibus. Corporis doloremque sed dignissimos nesciunt porro. Eaque explicabo eos tenetur qui expedita veniam. Ut aut ut laboriosam aut nemo exercitationem dolores.','2000-09-27 17:39:52'),(51,54,5,'Aut cupiditate architecto labore expedita ullam consectetur illo voluptates. Commodi quia ut quasi assumenda temporibus odio velit. Fugiat animi tempore et iure incidunt totam.','2005-12-12 17:10:13'),(52,55,5,'Iure autem nostrum ad. Quis officia error sit aut sint dicta autem. Magnam deleniti necessitatibus molestiae. Saepe quasi et dolorum.','2011-12-24 05:42:25'),(53,56,5,'Voluptate velit aut sapiente omnis. Quo odit sunt accusamus occaecati qui. Ratione quidem explicabo veritatis ut earum quia.','1973-03-18 13:30:44'),(54,57,5,'Tempore consequatur quia quas aut. Nam placeat vero quas error aperiam qui. Eum dignissimos magni ducimus vero. Voluptas mollitia sed eligendi non aut quis. Harum repellendus non eum nam.','1982-09-04 03:48:12'),(55,58,5,'Qui pariatur et culpa. Reprehenderit quod aut voluptatem illum eum dicta repudiandae nihil. Beatae possimus eos quidem temporibus in nemo aut voluptatem.','2019-05-19 11:09:10'),(56,59,5,'Qui enim magnam totam quis minus impedit rerum pariatur. Ipsa quam expedita ab ut delectus.','2012-01-11 02:52:23'),(57,60,5,'Earum deleniti impedit aspernatur voluptate quas dicta consequuntur. Porro aperiam sequi nam sit aliquam. Consequuntur recusandae saepe magnam sit magni provident sed. Impedit sunt consequatur sit pariatur.','1980-10-16 12:51:45'),(58,10,1,'Tenetur et porro et optio blanditiis. Adipisci ipsam aut sit aut occaecati. Harum incidunt voluptatem voluptatem ipsa aut voluptas laboriosam autem. Non architecto numquam eos id temporibus corporis.','1981-01-29 22:33:57'),(59,10,1,'Ut dolores eos quia sequi. Id facere totam tempora maiores. Eaque repellendus magni dolorum eum adipisci tempore. Nihil aut molestiae ad voluptate maxime.','1986-12-06 12:58:16'),(60,10,1,'Nisi natus pariatur labore. Aut voluptas sed adipisci excepturi perferendis in velit. Aut ab sit id ab aliquam sed ipsum. Quas consequatur labore aut. Quaerat atque officiis sit consequatur.','1995-01-17 01:47:35'),(61,10,1,'Quibusdam deserunt eum excepturi commodi soluta minima rem. Itaque rerum et dolor veniam. Provident illum earum dolorum in qui iure doloremque.','1998-10-19 15:55:57'),(62,10,1,'Et ipsa dolor quibusdam. Fugiat voluptas nostrum nihil eum molestiae. Laboriosam qui voluptates asperiores nulla mollitia.','1997-02-09 17:20:58'),(63,10,1,'Officiis ut earum blanditiis. Repellat eum architecto rerum sequi cumque id quos sequi. Atque optio optio error id voluptate ut.','1978-12-25 23:22:51'),(64,10,1,'Qui esse veniam qui non dolores voluptatem. Sit illo et provident sit debitis qui. Voluptas tempora quam qui tempora voluptas placeat non.','2017-10-12 01:46:51'),(65,10,1,'Voluptatem quia quae earum molestiae reprehenderit illo sit. Facilis ea voluptatem eaque quod quia laudantium magni quia. Eum culpa ipsum quibusdam. Cupiditate autem sunt nisi delectus nemo aut.','1997-12-20 23:40:25'),(66,10,1,'Omnis quis omnis natus repellat. Impedit voluptas at accusantium.','2011-09-02 08:07:30'),(67,10,1,'Omnis mollitia dolor qui adipisci omnis voluptates maxime. Doloribus magnam animi exercitationem praesentium quidem. Quidem magni quia voluptatum qui nulla.','1983-10-28 20:13:09'),(68,10,1,'Dicta sit enim autem omnis facilis. Aperiam saepe ea omnis dolores. Voluptatem vel laudantium fuga consequatur autem aperiam.','2003-12-26 00:22:58'),(69,10,1,'Occaecati laboriosam optio repudiandae sit fugiat aut est. Doloremque velit quia libero veritatis temporibus qui. Minus optio quo error soluta voluptatum maxime consequatur.','1990-04-18 10:25:53'),(70,10,1,'Eveniet aliquam accusantium quia temporibus non sit quaerat. Officiis quam voluptatem aut commodi molestiae quis placeat. Eius qui magnam et dolor molestiae nemo nulla. Sed deserunt sunt et et dolor voluptas.','2006-02-19 16:02:07'),(71,1,10,'Voluptates at ut aut earum. Enim id ut quia. Suscipit nemo consequatur sapiente illum beatae consectetur quam.','2003-12-07 02:04:08'),(72,1,10,'Minus enim sed accusantium numquam atque. Suscipit voluptatem quia aut non est provident mollitia. Omnis unde dolores magni sint suscipit ipsa. Culpa eaque corrupti in totam doloremque explicabo dolor expedita.','2004-04-13 08:27:31'),(73,1,10,'Illum voluptates architecto praesentium aspernatur temporibus rerum. Dolore ipsam et consequatur rem qui ut vitae. Quas perspiciatis sunt aut reiciendis iure optio corrupti modi. Fugit dolorem laboriosam est corporis.','2000-08-09 16:38:24'),(74,1,10,'Incidunt atque repudiandae cumque quibusdam iusto esse. Veniam pariatur pariatur dolores voluptas omnis. In beatae est voluptatum recusandae.','2014-04-06 16:12:52'),(75,1,10,'Et aut enim corporis sit magnam natus. Provident atque consequatur ab placeat. Placeat alias sint dicta ipsa sit.','1990-07-08 14:54:15'),(76,1,10,'Sit ipsa rerum error ut quis natus. Qui in numquam ab accusamus ut. Aliquam repudiandae at quibusdam. Necessitatibus sapiente qui omnis modi ad molestias.','2008-04-04 14:27:43'),(77,1,10,'Expedita veritatis commodi autem repellat. Illo quam dolor eaque itaque pariatur.','1982-09-29 10:07:57'),(78,1,10,'Voluptatum nihil illum beatae doloribus culpa et aut omnis. Est sit et quia doloremque quo et quos. Excepturi et eaque praesentium enim voluptatem quibusdam ab. Beatae asperiores soluta fugit assumenda non.','1991-12-02 12:06:55'),(79,1,10,'Asperiores nulla fugiat aut dolorem minus. Ab optio doloribus unde aut. Deleniti est odit quod iure numquam distinctio.','1973-07-31 19:17:17'),(80,1,10,'Reiciendis tempora necessitatibus vitae id reprehenderit. Reiciendis quae magni vitae. Optio quia molestias reprehenderit dolor quas.','1977-10-12 20:10:40'),(81,1,10,'Harum omnis ad vel debitis. Earum blanditiis dolorem rerum accusamus consequatur dolorum et suscipit. Perferendis omnis facere beatae quisquam libero esse qui. Facere et laudantium est ea rerum a quia.','1994-12-30 03:45:53'),(82,1,10,'Aut repellat consequatur voluptas rerum quasi porro officiis. Velit pariatur consectetur et rerum aperiam. Aliquid corporis fugiat esse similique ut accusamus numquam. Aut quo quae sint veritatis tempore.','1998-06-09 23:07:30'),(83,1,10,'Tempore minima et quaerat quia eligendi temporibus. Quos nisi nihil perspiciatis molestiae qui. Nisi numquam fuga sit.','1987-05-23 06:30:43'),(84,1,10,'Et in perspiciatis consequatur eos ipsa. Impedit numquam molestiae minima. Dolore nisi voluptatum rem et.','1970-12-15 10:32:50'),(85,1,10,'A enim eos veritatis aliquam minima. Ratione ad molestiae est omnis. Nam aut quidem et enim fugit excepturi. Harum quasi ab dolores ex ducimus voluptas.','1970-05-28 22:25:57'),(86,1,10,'Quo sit aut adipisci cum dolores repellendus qui. Et ad aspernatur perspiciatis non expedita aut. Cum aut eos omnis deserunt. Eveniet vel consequatur minima a est.','2008-01-25 01:13:45'),(87,1,10,'Impedit voluptatem incidunt sunt quam reiciendis. Ut est eveniet sunt earum pariatur omnis. Aliquam et similique et consequatur dolor. Officiis adipisci placeat rem et esse libero provident.','2011-08-17 14:50:38'),(88,1,10,'Est laborum optio et ipsam et. Ratione aut cumque cumque adipisci sit odio. Sapiente doloribus qui ullam expedita.','1985-05-31 15:23:25'),(89,1,10,'Itaque magni ea facilis reiciendis fugiat. Ut ut voluptas molestiae quia perferendis quia. Iusto vitae officiis facere sunt cupiditate modi enim. Vitae maiores inventore aut.','1984-03-11 13:59:04'),(90,1,10,'Sint omnis tempore voluptatem et. Maxime occaecati earum molestias sint quo commodi. Magni illum et deleniti vel saepe.','1975-09-20 17:00:13'),(91,1,10,'Rerum eveniet ab voluptas a suscipit temporibus. Earum magni deleniti omnis vitae hic. Sunt ab modi quaerat eos ea pariatur. Porro aperiam eius ea consequuntur velit.','1977-12-29 18:32:19'),(92,1,10,'Aliquid dolores provident porro quaerat. Quia voluptatem nihil neque. Eum autem corporis omnis omnis blanditiis quidem ut incidunt. Sint voluptatem architecto eveniet facere possimus quod et.','1976-08-15 09:56:36'),(93,1,10,'Voluptas sed temporibus aspernatur culpa. Ratione facilis ipsa ab necessitatibus magni. Exercitationem earum vero ea iure voluptas aut. Inventore perferendis id et repudiandae dicta eum blanditiis.','1984-03-20 13:30:58'),(94,1,10,'Animi culpa ut animi vero eos amet deserunt. Id qui beatae perferendis dolor. Blanditiis maiores doloribus culpa et ullam sed. Ratione earum aut dolorem blanditiis dolorum nesciunt voluptates.','1992-06-20 08:38:36'),(95,1,10,'Quidem consequatur eos itaque sed harum sit. Voluptas sit rerum eos ut dolorum porro ea. Consequatur quae maiores ut blanditiis omnis voluptas sit. Nisi aliquam culpa iste ratione.','2009-01-30 17:27:49'),(96,1,10,'Aliquid sed soluta sit consequatur omnis. Harum ad nemo assumenda delectus. Omnis aut ut necessitatibus et sed sapiente.','1997-05-27 11:25:52'),(97,1,10,'Delectus consequatur sed nihil iure occaecati. Ut rerum vero ratione rem illo eum veniam. Nesciunt laboriosam aut at.','2003-05-21 00:41:22');
/*!40000 ALTER TABLE `messages` ENABLE KEYS */;
UNLOCK TABLES;

--
-- Table structure for table `photo_albums`
--

DROP TABLE IF EXISTS `photo_albums`;
/*!40101 SET @saved_cs_client     = @@character_set_client */;
/*!50503 SET character_set_client = utf8mb4 */;
CREATE TABLE `photo_albums` (
  `id` bigint(20) unsigned NOT NULL AUTO_INCREMENT,
  `name` varchar(255) DEFAULT NULL,
  `user_id` bigint(20) unsigned DEFAULT NULL,
  PRIMARY KEY (`id`),
  UNIQUE KEY `id` (`id`),
  KEY `user_id` (`user_id`),
  CONSTRAINT `photo_albums_ibfk_1` FOREIGN KEY (`user_id`) REFERENCES `users` (`id`)
) ENGINE=InnoDB AUTO_INCREMENT=101 DEFAULT CHARSET=utf8;
/*!40101 SET character_set_client = @saved_cs_client */;

--
-- Dumping data for table `photo_albums`
--

LOCK TABLES `photo_albums` WRITE;
/*!40000 ALTER TABLE `photo_albums` DISABLE KEYS */;
INSERT INTO `photo_albums` VALUES (1,'ut',1),(2,'eius',2),(3,'placeat',3),(4,'non',4),(5,'dolorum',5),(6,'omnis',6),(7,'fugiat',7),(8,'distinctio',8),(9,'sapiente',9),(10,'nesciunt',10),(11,'omnis',11),(12,'corrupti',12),(13,'qui',13),(14,'eos',14),(15,'nemo',15),(16,'quod',16),(17,'nisi',17),(18,'velit',18),(19,'eaque',19),(20,'nihil',20),(21,'doloribus',21),(22,'qui',22),(23,'quidem',23),(24,'culpa',24),(25,'quis',25),(26,'placeat',26),(27,'quis',27),(28,'et',28),(29,'saepe',29),(30,'nostrum',30),(31,'quaerat',31),(32,'hic',32),(33,'quo',33),(34,'voluptatem',34),(35,'molestiae',35),(36,'cupiditate',36),(37,'earum',37),(38,'consectetur',38),(39,'tempore',39),(40,'est',40),(41,'iste',41),(42,'ut',42),(43,'dolorum',43),(44,'magni',44),(45,'est',45),(46,'vel',46),(47,'voluptas',47),(48,'cumque',48),(49,'laudantium',49),(50,'vel',50),(51,'perferendis',51),(52,'aut',52),(53,'nostrum',53),(54,'porro',54),(55,'et',55),(56,'aut',56),(57,'reiciendis',57),(58,'culpa',58),(59,'suscipit',59),(60,'sequi',60),(61,'unde',62),(62,'corrupti',63),(63,'aut',64),(64,'exercitationem',65),(65,'et',66),(66,'voluptas',67),(67,'dolor',68),(68,'sit',69),(69,'distinctio',70),(70,'voluptas',71),(71,'est',72),(72,'quam',73),(73,'debitis',74),(74,'blanditiis',75),(75,'error',76),(76,'doloremque',77),(77,'est',80),(78,'aperiam',82),(79,'et',83),(80,'exercitationem',84),(81,'qui',85),(82,'et',86),(83,'vel',87),(84,'nesciunt',88),(85,'aut',89),(86,'similique',90),(87,'placeat',91),(88,'est',92),(89,'nesciunt',93),(90,'error',94),(91,'aut',95),(92,'nulla',96),(93,'et',97),(94,'at',98),(95,'voluptates',99),(96,'labore',100),(97,'id',101),(98,'corporis',102),(99,'fuga',103),(100,'rem',104);
/*!40000 ALTER TABLE `photo_albums` ENABLE KEYS */;
UNLOCK TABLES;

--
-- Table structure for table `photos`
--

DROP TABLE IF EXISTS `photos`;
/*!40101 SET @saved_cs_client     = @@character_set_client */;
/*!50503 SET character_set_client = utf8mb4 */;
CREATE TABLE `photos` (
  `id` bigint(20) unsigned NOT NULL AUTO_INCREMENT,
  `album_id` bigint(20) unsigned DEFAULT NULL,
  `media_id` bigint(20) unsigned NOT NULL,
  UNIQUE KEY `id` (`id`),
  KEY `album_id` (`album_id`),
  KEY `media_id` (`media_id`),
  CONSTRAINT `photos_ibfk_1` FOREIGN KEY (`album_id`) REFERENCES `photo_albums` (`id`),
  CONSTRAINT `photos_ibfk_2` FOREIGN KEY (`media_id`) REFERENCES `media` (`id`)
) ENGINE=InnoDB AUTO_INCREMENT=101 DEFAULT CHARSET=utf8;
/*!40101 SET character_set_client = @saved_cs_client */;

--
-- Dumping data for table `photos`
--

LOCK TABLES `photos` WRITE;
/*!40000 ALTER TABLE `photos` DISABLE KEYS */;
INSERT INTO `photos` VALUES (1,1,1),(2,2,2),(3,3,3),(4,4,4),(5,5,5),(6,6,6),(7,7,7),(8,8,8),(9,9,9),(10,10,10),(11,11,11),(12,12,12),(13,13,13),(14,14,14),(15,15,15),(16,16,16),(17,17,17),(18,18,18),(19,19,19),(20,20,20),(21,21,21),(22,22,22),(23,23,23),(24,24,24),(25,25,25),(26,26,26),(27,27,27),(28,28,28),(29,29,29),(30,30,30),(31,31,31),(32,32,32),(33,33,33),(34,34,34),(35,35,35),(36,36,36),(37,37,37),(38,38,38),(39,39,39),(40,40,40),(41,41,41),(42,42,42),(43,43,43),(44,44,44),(45,45,45),(46,46,46),(47,47,47),(48,48,48),(49,49,49),(50,50,50),(51,51,51),(52,52,52),(53,53,53),(54,54,54),(55,55,55),(56,56,56),(57,57,57),(58,58,58),(59,59,59),(60,60,60),(61,61,61),(62,62,62),(63,63,63),(64,64,64),(65,65,65),(66,66,66),(67,67,67),(68,68,68),(69,69,69),(70,70,70),(71,71,71),(72,72,72),(73,73,73),(74,74,74),(75,75,75),(76,76,76),(77,77,77),(78,78,78),(79,79,79),(80,80,80),(81,81,81),(82,82,82),(83,83,83),(84,84,84),(85,85,85),(86,86,86),(87,87,87),(88,88,88),(89,89,89),(90,90,90),(91,91,91),(92,92,92),(93,93,93),(94,94,94),(95,95,95),(96,96,96),(97,97,97),(98,98,98),(99,99,99),(100,100,100);
/*!40000 ALTER TABLE `photos` ENABLE KEYS */;
UNLOCK TABLES;

--
-- Table structure for table `profiles`
--

DROP TABLE IF EXISTS `profiles`;
/*!40101 SET @saved_cs_client     = @@character_set_client */;
/*!50503 SET character_set_client = utf8mb4 */;
CREATE TABLE `profiles` (
  `user_id` bigint(20) unsigned NOT NULL,
  `gender` char(1) DEFAULT NULL,
  `birthday` date DEFAULT NULL,
  `photo_id` bigint(20) unsigned DEFAULT NULL,
  `created_at` datetime DEFAULT CURRENT_TIMESTAMP,
  `hometown` varchar(100) DEFAULT NULL,
  UNIQUE KEY `user_id` (`user_id`),
  KEY `profiles_fk_1` (`photo_id`),
  CONSTRAINT `fk_user_id` FOREIGN KEY (`user_id`) REFERENCES `users` (`id`) ON UPDATE CASCADE,
  CONSTRAINT `profiles_fk_1` FOREIGN KEY (`photo_id`) REFERENCES `media` (`id`)
) ENGINE=InnoDB DEFAULT CHARSET=utf8;
/*!40101 SET character_set_client = @saved_cs_client */;

--
-- Dumping data for table `profiles`
--

LOCK TABLES `profiles` WRITE;
/*!40000 ALTER TABLE `profiles` DISABLE KEYS */;
INSERT INTO `profiles` VALUES (1,'m','2012-12-11',1,'1982-03-18 00:56:00',NULL),(2,'m','2004-04-09',2,'2000-04-24 18:21:14',NULL),(3,'m','2013-03-15',3,'2012-02-12 11:57:02',NULL),(4,'m','1991-05-19',4,'2011-10-15 04:30:52',NULL),(5,'m','1981-11-07',5,'1983-12-21 12:41:33',NULL),(6,'m','2007-09-04',6,'1971-09-29 15:34:31',NULL),(7,'m','1991-06-07',7,'1994-12-01 23:33:58',NULL),(8,'m','1973-09-26',8,'1988-11-11 19:36:33',NULL),(9,'m','1992-10-04',9,'1970-11-02 13:40:10',NULL),(10,'m','1987-09-06',10,'1987-09-18 14:14:24',NULL),(11,'m','1970-03-02',11,'2011-09-23 06:41:38',NULL),(12,'m','2014-11-17',12,'1979-08-28 09:25:33',NULL),(13,'m','2021-03-25',13,'1972-08-14 01:52:21',NULL),(14,'m','1996-10-15',14,'2008-12-31 01:12:44',NULL),(15,'m','2013-02-18',15,'1994-04-17 21:06:39',NULL),(16,'m','2001-10-02',16,'1983-10-28 10:41:03',NULL),(17,'m','2017-09-24',17,'1978-11-22 19:30:23',NULL),(18,'m','1971-10-09',18,'1998-10-15 20:11:35',NULL),(19,'m','2009-10-30',19,'2000-04-18 03:09:29',NULL),(20,'m','1988-10-31',20,'2015-02-24 04:14:39',NULL),(21,'m','1994-11-08',21,'2020-08-30 00:19:49',NULL),(22,'m','1987-08-30',22,'1994-06-23 09:33:10',NULL),(23,'m','1986-04-01',23,'2011-09-30 09:15:00',NULL),(24,'m','1976-01-23',24,'2005-03-11 19:32:15',NULL),(25,'m','2020-05-08',25,'1980-05-10 06:14:53',NULL),(26,'m','2001-02-06',26,'2003-02-20 14:14:22',NULL),(27,'m','2005-07-25',27,'2006-02-03 09:37:12',NULL),(28,'m','2005-09-12',28,'1973-03-13 03:42:13',NULL),(29,'m','1982-03-25',29,'1989-09-13 18:23:09',NULL),(30,'m','1973-08-04',30,'1982-10-13 12:12:14',NULL),(31,'m','1979-02-10',31,'2007-04-28 18:23:42',NULL),(32,'m','1985-09-03',32,'2007-07-23 01:35:40',NULL),(33,'m','1999-01-15',33,'1971-10-02 13:35:30',NULL),(34,'m','1974-05-24',34,'2015-01-28 01:29:51',NULL),(35,'m','1994-07-09',35,'1999-05-09 13:05:27',NULL),(36,'m','1991-04-23',36,'2012-06-01 15:31:28',NULL),(37,'m','2016-06-23',37,'1978-08-09 01:13:26',NULL),(38,'m','1989-04-29',38,'1981-01-07 22:37:17',NULL),(39,'m','1987-08-31',39,'1972-05-16 08:27:07',NULL),(40,'m','2005-05-13',40,'2005-06-18 21:54:05',NULL),(41,'m','2012-10-04',41,'1996-11-05 06:52:54',NULL),(42,'m','2003-01-19',42,'1988-03-30 07:18:06',NULL),(43,'m','1981-01-20',43,'1976-06-12 16:15:14',NULL),(44,'m','2018-04-21',44,'1981-12-08 04:16:21',NULL),(45,'m','2004-06-14',45,'1970-09-07 14:12:39',NULL),(46,'m','1994-03-02',46,'2017-06-29 12:02:38',NULL),(47,'m','2016-11-18',47,'1989-07-10 22:17:34',NULL),(48,'m','1998-08-28',48,'2018-03-27 17:48:42',NULL),(49,'m','1974-04-14',49,'1999-09-17 01:28:45',NULL),(50,'m','2005-12-31',50,'1977-04-17 18:48:14',NULL),(51,'w','1997-02-21',51,'1971-01-13 13:45:23',NULL),(52,'w','2011-12-15',52,'2002-12-12 20:01:16',NULL),(53,'w','1980-09-15',53,'2017-02-26 13:56:55',NULL),(54,'w','2002-08-26',54,'1984-03-27 02:33:55',NULL),(55,'w','2012-03-17',55,'1973-04-01 00:48:10',NULL),(56,'w','1997-10-25',56,'1976-06-11 18:15:37',NULL),(57,'w','1993-11-16',57,'2019-01-20 04:06:51',NULL),(58,'w','2009-03-31',58,'1997-04-23 23:16:58',NULL),(59,'w','2014-10-13',59,'1982-11-28 10:41:12',NULL),(60,'w','2002-04-08',60,'1986-04-29 12:12:42',NULL),(62,'w','1984-06-04',61,'2007-09-23 19:43:58',NULL),(63,'w','1995-05-16',62,'1984-05-12 15:27:59',NULL),(64,'w','1970-04-24',63,'1989-09-01 14:02:32',NULL),(65,'w','1991-07-16',64,'2002-03-01 18:44:28',NULL),(66,'w','1991-06-11',65,'1981-11-20 13:10:42',NULL),(67,'w','2010-09-20',66,'1990-03-03 13:39:39',NULL),(68,'w','1986-06-17',67,'2006-02-14 10:49:32',NULL),(69,'w','1978-09-25',68,'1989-12-04 19:54:53',NULL),(70,'w','1983-10-01',69,'1987-08-23 17:13:21',NULL),(71,'w','1977-12-24',70,'1989-09-20 14:17:16',NULL),(72,'w','1978-03-17',71,'1993-05-03 23:30:31',NULL),(73,'w','2007-03-25',72,'2018-09-02 04:54:59',NULL),(74,'w','2002-06-17',73,'2020-12-08 12:10:20',NULL),(75,'w','2016-11-15',74,'1997-08-01 21:39:08',NULL),(76,'w','2000-03-28',75,'2003-08-10 23:39:44',NULL),(77,'w','2020-03-27',76,'1977-11-16 14:46:00',NULL),(80,'w','2011-08-04',77,'2012-04-02 04:34:42',NULL),(82,'w','2018-01-05',78,'1983-02-27 00:50:03',NULL),(83,'w','2008-03-29',79,'2013-02-19 15:57:32',NULL),(84,'w','2013-11-18',80,'1974-11-23 13:36:33',NULL),(85,'w','2002-06-07',81,'1985-06-27 09:29:57',NULL),(86,'w','2017-09-11',82,'1980-05-09 09:35:29',NULL),(87,'w','2017-05-06',83,'2012-07-29 06:02:36',NULL),(88,'w','1999-08-30',84,'1988-08-25 01:06:36',NULL),(89,'w','1976-10-08',85,'2017-06-14 17:06:56',NULL),(90,'w','1989-03-09',86,'1999-09-06 09:45:31',NULL),(91,'w','2006-12-07',87,'2012-12-23 12:36:04',NULL),(92,'w','2008-07-18',88,'2001-10-22 14:19:02',NULL),(93,'w','1980-02-24',89,'1977-11-05 08:05:50',NULL),(94,'w','2013-11-15',90,'2009-04-12 17:30:37',NULL),(95,'w','2001-11-16',91,'1998-07-31 07:04:23',NULL),(96,'w','1976-08-22',92,'2005-05-29 22:35:31',NULL),(97,'w','2019-12-05',93,'1999-09-22 04:55:20',NULL),(98,'w','1975-11-10',94,'1999-09-13 09:09:00',NULL),(99,'w','1984-01-11',95,'1981-05-04 04:27:43',NULL),(100,'w','2000-11-04',96,'2011-08-15 04:20:04',NULL),(101,'w','1987-06-23',97,'1997-07-23 00:01:09',NULL),(102,'w','1993-07-18',98,'1971-03-16 03:30:04',NULL),(103,'w','2016-07-31',99,'2015-11-14 18:32:14',NULL),(104,'w','2006-01-10',100,'1999-09-19 21:03:14',NULL);
/*!40000 ALTER TABLE `profiles` ENABLE KEYS */;
UNLOCK TABLES;

--
-- Table structure for table `users`
--

DROP TABLE IF EXISTS `users`;
/*!40101 SET @saved_cs_client     = @@character_set_client */;
/*!50503 SET character_set_client = utf8mb4 */;
CREATE TABLE `users` (
  `id` bigint(20) unsigned NOT NULL AUTO_INCREMENT,
  `firstname` varchar(50) DEFAULT NULL,
  `lastname` varchar(50) DEFAULT NULL COMMENT '',
  `email` varchar(120) DEFAULT NULL,
  `password_hash` varchar(100) DEFAULT NULL,
  `phone` bigint(20) unsigned DEFAULT NULL,
  PRIMARY KEY (`id`),
  UNIQUE KEY `email` (`email`),
  UNIQUE KEY `phone` (`phone`),
  KEY `users_firstname_lastname_idx` (`firstname`,`lastname`)
) ENGINE=InnoDB AUTO_INCREMENT=115 DEFAULT CHARSET=utf8 COMMENT='';
/*!40101 SET character_set_client = @saved_cs_client */;

--
-- Dumping data for table `users`
--

LOCK TABLES `users` WRITE;
/*!40000 ALTER TABLE `users` DISABLE KEYS */;
INSERT INTO `users` VALUES (1,'Pietro','Durgan','hildegard.boehm@example.org','9753849f55b0c3dc970ce7e98030cb863f793b89',688485),(2,'Delpha','Volkman','mauer@example.org','6541e7606117ce38580bd4074db49208be76b2f1',918),(3,'Juwan','Blick','price.bud@example.com','f739acd1517b33c1be7e397f5e5992614d653da5',0),(4,'Gay','McKenzie','predovic.aubree@example.org','88732089960f834962e656ecf29ede5b17ab96b3',339),(5,'Zachary','Schaden','tdach@example.org','9c7089e3de35e0a8f6897717fc0b07c8d4485206',248),(6,'Haven','Williamson','trantow.kaela@example.org','b074f5d6fd7f1cba6c9ad0d4b3828ecc48bacc20',6729524150),(7,'Wilhelm','Wisozk','lemke.graciela@example.com','56d8e0ba4f0422ac446ceb783cdd3a2906bb88de',1),(8,'Kole','Olson','douglas.giovani@example.net','f93991a0d7a8757114bd2ea08bbfecaca983448a',7582385624),(9,'Kaia','Wilkinson','vkshlerin@example.net','8f76ecb05ad182604c8f9270a249b543e9a14fe0',23),(10,'Ethan','Gutmann','jayden78@example.org','76adf71a19e2d4558761b770e55faf041ad95aef',598),(11,'Corene','Koss','rtremblay@example.com','d3b8d7178b525e1fcda511abe6c69fa162a0237a',729),(12,'Margarete','Homenick','kelvin.schulist@example.net','1d577487bfbc7c715c52098c7a4de73ddb5ac3ed',35),(13,'Marlene','Turner','hegmann.jacinthe@example.org','3b86aaea0ffe442be0dc0ed3980344347da6927e',326),(14,'Keenan','Flatley','brent39@example.org','111a1795220d7e70d43c3322e2dfbd46a78c8c16',978587),(15,'Dora','Lesch','zjenkins@example.org','2ce18e56435147f0dba05b722eed8524b81527e9',189),(16,'Cooper','Renner','camylle84@example.org','0e268303d7087fe64a6a245e75aa5f0e50858e7f',589),(17,'Franz','Spencer','dee00@example.org','75f6e581826496586fbd781727ef67b241b3e16a',553),(18,'Tremayne','Wisoky','shanelle09@example.org','6b1f40809c9cd790f7461b4f4da7891a6499e4fc',591),(19,'Linnie','Heidenreich','lmedhurst@example.org','89a5e5e7afc904cf7f383279955b64a93223e836',3378843358),(20,'Raleigh','Watsica','cierra66@example.net','5ad18729930852f1c56eec040046fd300d983e30',611102),(21,'Leone','Hermann','allan57@example.org','5befb0a43fa25697cc6cb55ba629ecd44d3208ba',808782),(22,'Scottie','Hintz','rickey.osinski@example.com','fc86114fa5f4a076a2029d22fb607f806a5de5b9',103227),(23,'Addie','Klein','beau16@example.net','fabdb12bd305ed68fe8304807cbe7fa2197f1b43',568),(24,'Xzavier','Kirlin','knikolaus@example.com','c5460be6836c32691c6be1cc15bb71d234cce6f7',707),(25,'Lindsey','Reinger','ctowne@example.com','e368f2be19556ea1b57f514527bf09778e7e632b',93),(26,'Carole','Hansen','emelia91@example.net','4291d08ee228b8968d3fd84359ddbff72e6eb895',78),(27,'Garrett','Hartmann','schimmel.rhoda@example.net','74522d2da24a1fe45e02305d146a044df666d54f',202),(28,'Onie','Goyette','ykuhn@example.org','ee88986b7aaa2761e15241288691aa7bf108aab7',69839),(29,'Trystan','Boyer','melissa21@example.com','f6adfe891370d39f10a21f1f0b24822c878bcbae',691421),(30,'Margarette','Powlowski','lisa.terry@example.org','59f30e11371169936f3390a52b7aabb9d242cc57',9355602166),(31,'Crawford','Gerhold','pagac.jolie@example.org','aee9d7a95814eca321ea2043eefa6321da940133',491),(32,'Sallie','Orn','gbins@example.org','17d1e158a646a57ad571e22caa39f3711e19923d',9063592110),(33,'Junius','Schaden','gpowlowski@example.net','d71a3c95952e6ba03703f698164b55afebd0880d',907799),(34,'Blanca','Schaden','vesta.hauck@example.net','53f0aa11afb937307d958c04f09214cd62d922a1',69),(35,'Felipe','Cassin','leon.kutch@example.com','d28b711887c6a931f7b386c694aac2da7f271d49',275),(36,'Jakayla','Kunze','landen.lind@example.net','a64bda06c80d69a69e120d5095bdbc231c9556dd',618),(37,'Selina','Haag','mills.elfrieda@example.com','6e9bf347a2ee6fcbcd15ce1b6a383449d5272ba1',770),(38,'Agustin','Schulist','hannah27@example.org','aa3a18eaaf1db874a8b14911a5d51192db9f99b6',341820),(39,'Quinton','Mann','powlowski.tiffany@example.net','3a734f06ab3b00e2fde5cb0aa260f2a091f8402a',62603),(40,'Trudie','Steuber','odell39@example.net','71e7caaaab0f18e7f8f16181445a79d0331b9321',593644),(41,'Laura','Vandervort','kris.cecil@example.net','aeb27f1c7d24fce42416cbc8c9a79f9bc33eaeff',8),(42,'Minnie','Bailey','rippin.eusebio@example.org','80cc917bb7d55e291b87331d5a8110125cdce15e',936191),(43,'Zack','Boyle','orlo78@example.net','4de842289c4a17999cd3c18f842a12add1282da5',784),(44,'Savion','Pagac','zheaney@example.com','1ddd1c0c2a2161600f6f41aeb6de6c121bd739c1',437),(45,'Talon','Upton','ublanda@example.org','b83ef1ddbc336f814b13faf3fe53f65c946ef6a9',168),(46,'Diana','Hartmann','qmarvin@example.net','357bbfebc2a565b63305bc0f40860eac9c651fc4',682),(47,'Emilia','Zulauf','melisa90@example.com','0b6b62126275f03896f74040616142b9a8156ef0',265622),(48,'Lina','Leffler','ashleigh.schulist@example.org','d496409ce7d532b4218373aca89005c474a3f13a',112068),(49,'Anthony','Schowalter','christian.balistreri@example.com','d3cb7ee96c519b667d02ae1f55ca30baa58a1105',95),(50,'Elbert','Tromp','hhessel@example.org','af7596864315030d96a9fdcddb6191759d192e01',913),(51,'Osbaldo','Schamberger','bayer.dock@example.net','ff93a203b4eaacd14c5b42e696714c03a8845482',898637),(52,'Rebecca','Cronin','wehner.sage@example.org','baf0439d2e0f37011a4c49266f66169542bf5859',992086),(53,'Lupe','Kunze','garland75@example.org','e81c11bb224b258e906615443d74bd659011b225',70),(54,'Raheem','Goldner','trisha.von@example.com','dbe131635082d860c97ae2eaa6b5626cbb3ce867',22),(55,'Oceane','Sporer','missouri61@example.org','9ef9a047aa4673b80e98f97cc8f25adefe674c55',216647),(56,'Frida','Steuber','kuhic.arturo@example.org','5029ea9c62835c2c62e7983e031864ac7b591b57',622756),(57,'Hailee','Fisher','sanford91@example.com','c99a42b8d8f8f842f82174d5222acf7b0674c014',128984),(58,'Salvatore','Von','walker.osinski@example.net','f6c6d4c0fb351949735e99b9b107757fbd8636bd',835),(59,'Shakira','Lockman','gutkowski.sanford@example.org','675ce6d0873b991182a18ac12ad75dd1c068b79a',640),(60,'Lavinia','Kiehn','hweber@example.net','e548c8a4210044c1b9058555f5ac38780888f7cd',707470),(62,'Nyasia','Bartoletti','kristina54@example.org','dcf8b3dc07c31c75d10f10e56c96d276862e5bae',29),(63,'Evangeline','Lind','watsica.aniya@example.com','99c5b55aa7964cf3e73719e4887b7c40728b0605',339823387),(64,'Selina','Erdman','davion92@example.org','18bc5fd7a775c2d4f1817b1ee5bb4a6b4097ba77',751889),(65,'Talia','Zulauf','fred23@example.org','45d8fc4a10946e29f7d68d9fa2daad7dc01a454b',50),(66,'Karianne','Larson','meda55@example.org','97c1967f7f9c9fe02c9a16ecef5a0e1e8e102e8d',118),(67,'Trent','Kovacek','austen.hoppe@example.org','293ebaeeb88bec8c154777b8842c2c9007df4ffb',9141050653),(68,'Mortimer','Schowalter','russel.reginald@example.org','3b6e336e6da4d41c941dc49272f26c14afa83950',854),(69,'Nash','Ziemann','mraz.brett@example.com','e241f3be38ae00fb11e4d3666641733e928e4aa6',460),(70,'Asha','Jacobi','hleannon@example.net','9d184dc9241da700a7ff2752aae374936c36178e',653228),(71,'Casimir','Mraz','fconn@example.com','a5adf8c89e7680f302301be40398675e2d2f8960',7859048823),(72,'Maddison','Lynch','sdonnelly@example.net','b52825c08720520c8ef51c91a20c9583cd8d212a',435),(73,'Suzanne','Beatty','candice22@example.org','82dde6ed9c190a46854030c21687c893956869a3',361),(74,'Brando','Collins','bill.larson@example.org','fe1201aa0f1aae286e574a2084147976c4082408',37),(75,'Reginald','Spinka','cruickshank.kattie@example.org','2a543844a4a031d76f636d6f35dfcd55a7ea60d6',936743),(76,'Kole','Ferry','akessler@example.org','c2e5190a04c9032df74dadc0cd9495e65172399b',557),(77,'Shawn','Smith','guillermo54@example.org','08d505597f738dd4c156b6c1ec7087a1139551f0',764129),(80,'Alan','Wolff','darian94@example.com','7318fc5e09c48d2863ebcfee239de11d715503d7',319216),(82,'Odessa','Deckow','skertzmann@example.net','a887df64d5f3130ec3b31b0e728e675ab8a749ff',7),(83,'Montana','Rodriguez','vbecker@example.org','c118bd2452b2803934638e3cec930c5eb94c14e6',28),(84,'Mittie','Lowe','ernser.adam@example.net','002dacd6717cc842b8d001a10db8c55195decd81',567),(85,'Mckenna','Kuphal','qdickinson@example.org','be23bd8a5e5c4843a83567144d8dd36ed33ed394',186),(86,'Aniya','Feest','mustafa.kulas@example.net','e6e5f89ffe78fa643cdb91b4ee0131c07ebc4d8b',529430),(87,'Torrance','Hyatt','luciano.little@example.org','2bfe1d74617122ae1aa6d57e303fdcc61ca7d207',661743547),(88,'Breanna','Rippin','ralph06@example.com','673202c2c671b94980c9713d6539088e05263278',419),(89,'Payton','Legros','brady.rolfson@example.org','137fa99ace85d166c3d0e41d57fbcd6fde01d097',374138),(90,'Marcelina','Volkman','usanford@example.net','4a89815719554a3962684765611ee3d19b1ecfc0',121),(91,'Verla','Senger','stephania21@example.org','1c3d941e4343b8cb73785111f2aa6ad108908c4a',4214862534),(92,'Tyshawn','Hauck','gay.mayer@example.net','b9aa8d536908dd5f1081c9bde422cdf88c844f67',6375269440),(93,'Emilie','Schinner','icummerata@example.com','1d85423d19202c07a87f954846052237273cca69',690),(94,'Bertram','Gorczany','frankie81@example.net','1324a378ea293b76845771a465a8207f85a3a577',460304),(95,'Elena','Altenwerth','julian38@example.org','6375f6b1e696825ad4f8a751765d9a22f5ef1c41',1770328223),(96,'Enoch','Hane','jackie.schulist@example.com','f7996a46999cf72816c7c32e265a86e4df6adb90',600),(97,'Kennith','Deckow','adela70@example.org','bcbc14383c4dbc730ec1f8239d14e2a89ad8d649',291889),(98,'Leonie','Braun','champlin.nico@example.net','a619aed400295388a2317b2143e600c2554f0a1e',615),(99,'Orrin','Boyer','tmiller@example.com','84a34c49480883b98df7cd9b07b9763b845c8f87',989),(100,'Concepcion','Bradtke','carlotta.macejkovic@example.com','7d071b5471ebe6c887e6dec1e984a0ad07aef0d6',475),(101,'Lavon','Mueller','cboyer@example.net','21f9d6bd1e19f7191c59fc1edbf732ba638e5ddc',395),(102,'Eveline','Fahey','zetta42@example.net','594f7c8601eae08cd7ea96c0cbfd0bb59154df45',238),(103,'Raleigh','Fisher','svon@example.net','cfea1acb4c12c2f1280e9b96949ed58f0a10150e',20),(104,'Okey','Hintz','melyna.stroman@example.com','d4b15e37d8ab5510fdc19fb08633f45f75f1a5a1',6),(105,'Tianna','Rice','elliott91@example.com','522e5b4b8db92d68b318438776b8bc2646aec163',10),(106,'Arnulfo','Schultz','yward@example.com','2e611e2dd938bf6925c66f47318549facfcd6dfc',58174),(107,'Antonetta','Hettinger','newton20@example.org','6baef88b6946e46c118da59029cc95c85d27728e',635219300),(110,'Lilly','Padberg','toy.calista@example.com','9f60abeb051b25958d1f9138326e084cde8d04cb',33373),(111,'Abraham','Cole','krajcik.kristopher@example.net','fcd93aab8317d39cfa5fca5b2f7c7f89ad82e7d3',7738690168),(112,'Darrion','Grady','reichel.christina@example.com','1f4e9f9eabf401ec5c80a6ef2a9b8a9ce7d22cb2',68135),(113,'Lila','Mosciski','weimann.anya@example.org','cad0cf16b0fbb7c27f61c0aa743728139e3a3bee',77),(114,'Carley','DuBuque','macie.bauch@example.org','d25b0c9acb5b2e0e8172ffcc7af2e55ed44660f0',41);
/*!40000 ALTER TABLE `users` ENABLE KEYS */;
UNLOCK TABLES;

--
-- Table structure for table `users_communities`
--

DROP TABLE IF EXISTS `users_communities`;
/*!40101 SET @saved_cs_client     = @@character_set_client */;
/*!50503 SET character_set_client = utf8mb4 */;
CREATE TABLE `users_communities` (
  `user_id` bigint(20) unsigned NOT NULL,
  `community_id` bigint(20) unsigned NOT NULL,
  PRIMARY KEY (`user_id`,`community_id`),
  KEY `community_id` (`community_id`),
  CONSTRAINT `users_communities_ibfk_1` FOREIGN KEY (`user_id`) REFERENCES `users` (`id`),
  CONSTRAINT `users_communities_ibfk_2` FOREIGN KEY (`community_id`) REFERENCES `communities` (`id`)
) ENGINE=InnoDB DEFAULT CHARSET=utf8;
/*!40101 SET character_set_client = @saved_cs_client */;

--
-- Dumping data for table `users_communities`
--

LOCK TABLES `users_communities` WRITE;
/*!40000 ALTER TABLE `users_communities` DISABLE KEYS */;
INSERT INTO `users_communities` VALUES (1,1),(2,2),(3,3),(4,4),(5,5),(6,6),(7,7),(8,8),(9,9),(10,10),(11,11),(12,12),(13,13),(14,14),(15,15),(16,16),(17,17),(18,18),(19,19),(20,20),(21,21),(22,22),(23,23),(24,24),(25,25),(26,26),(27,27),(28,28),(29,29),(30,30),(31,31),(32,32),(33,33),(34,34),(35,35),(36,36),(37,37),(38,38),(39,39),(40,40),(41,41),(42,42),(43,43),(44,44),(45,45),(46,46),(47,47),(48,48),(49,49),(50,50),(51,51),(52,52),(53,53),(54,54),(55,55),(56,56),(57,57),(58,58),(59,59),(60,60),(62,61),(63,62),(64,63),(65,64),(66,65),(67,66),(68,67),(69,68),(70,69),(71,70),(72,71),(73,72),(74,73),(75,74),(76,75),(77,76),(80,77),(82,78),(83,79),(84,80),(85,81),(86,82),(87,83),(88,84),(89,85),(90,86),(91,87),(92,88),(93,89),(94,90),(95,91),(96,92),(97,93),(98,94),(99,95),(100,96),(101,97),(102,98),(103,99),(104,100);
/*!40000 ALTER TABLE `users_communities` ENABLE KEYS */;
UNLOCK TABLES;

--
-- Dumping events for database 'vk'
--

--
-- Dumping routines for database 'vk'
--
/*!40103 SET TIME_ZONE=@OLD_TIME_ZONE */;

/*!40101 SET SQL_MODE=@OLD_SQL_MODE */;
/*!40014 SET FOREIGN_KEY_CHECKS=@OLD_FOREIGN_KEY_CHECKS */;
/*!40014 SET UNIQUE_CHECKS=@OLD_UNIQUE_CHECKS */;
/*!40101 SET CHARACTER_SET_CLIENT=@OLD_CHARACTER_SET_CLIENT */;
/*!40101 SET CHARACTER_SET_RESULTS=@OLD_CHARACTER_SET_RESULTS */;
/*!40101 SET COLLATION_CONNECTION=@OLD_COLLATION_CONNECTION */;
/*!40111 SET SQL_NOTES=@OLD_SQL_NOTES */;

-- Dump completed on 2021-05-15  0:17:29
